test_raises_error_when_owner_field_is_missing(prefix,
test_user_has_access_access_by_customer(customer_user):
test_create_shipping_method_with_negative_max_weight(
test_deactivate_gift_card_trigger_webhook(
test_get_order_line_payload_deleted_variant(order_line):
test_order_update_shipping_excluded_shipping_method_postal_code(
test_can_finalize_order_invalid_shipping_method_set(
test_assign_variant_media(
test_calculate_base_line_unit_price_with_custom_price(checkout_with_single_item):
test_mutation_money_scalar_to_many_decimal_places(
test_report_fulfillment_no_psp_reference(
test_confirm_payment_intent_without_details(
test_available_products_with_variants(product_list):
test_request_invoice(
test_send_order_refund_email_task_by_app(
test_invalidate_order_prices_save(order,
test_category_create_translation(
test_create_token_invalid_password(api_client,
test_create_product_with_rating(
test_create_refund_fulfillment_multiple_fulfillment_lines_refunds(
test_authorize_and_capture(dummy_payment_data,
test_external_verify_plugin_not_active(api_client,
test_get_total_order_discount_excluding_shipping(order,
test_group_delete_mutation_trigger_webhook(
test_update_product_type_type(
test_validate_plugin_configuration_correct_cert(mocked_request,
test_manager_get_checkout_shipping_tax_rate_no_plugins(
test_query_filter_gift_cards_by_current_balance_no_currency_given(
test_check_zip_code_for_uk_fallbacks(code,
test_product_variant_without_price_by_sku_as_staff(
test_customer_register_no_redirect_url(mocked_notify,
test_generate_event_delivery_attempt_payload_with_non_empty_headers(
test_calculate_order_line_total_with_discount(
test_create_address_mutation_trigger_webhook(
test_activate_app_by_app(app,
test_variant_create_product_with_variant_attributes_variant_flag_false(
test_create_return_fulfillment_only_fulfillment_lines_replace_order(
test_product_variant_query_with_filter_updated_at(
test_create_return_fulfillment_multiple_lines_without_refund(
test_get_user_country_context_from_address_instance(address,
test_order_query_with_filter_channels_with_empty_channel(
test_assign_attributes_to_page_type_invalid_object_for_attributes(
test_stock_reservation_fails_if_there_is_not_enough_stock_available(
test_query_private_meta_for_sale_as_customer(user_api_client,
test_page_type_create_trigger_webhook(
test_validate_address_no_city():
test_warehouse_query_as_customer(user_api_client,
test_send_email_order_canceled_by_user(
test_associate_attribute_to_non_product_instance(color_attribute):
test_draft_order_create_invalid_shipping_address(
test_create_variant_with_boolean_attribute(
test_get_form_field_description_nonempty_help_text(mockfield):
test_checkout_create_with_shipping_address_disabled_fields_normalization(
test_send_invoice(mocked_email_task,):
test_product_query_with_filter_updated_at(
test_staff_query_payment_by_invalid_id(
test_collections_with_filtering_and_not_existing_channel(
test_order_resolver_tax_recalculation(
test_update_product_clean_boolean_attribute_value(
test_customer_query_address_federation(user_api_client,
test_unsafe_parse_tax_data_success(tax_data_response):
test_cannot_retrieve_hidden_plugins(
test_retry_install_app_mutation_by_app_missing_required_permissions(
test_query_product_media_by_id_with_size_thumbnail_url_returned(
test_apps_installation_by_app_missing_permission(app_api_client):
test_export_products_mutation_with_attribute_ids_invalid_object_type(
test_sale_update_translation(
test_verify_token_invalidated_by_user(api_client,
test_create_shipping_zone_trigger_webhook(
test_delete_attribute_values_search_document_updated(
test_gift_card_add_note_trigger_webhook(
test_manage_external_shipping_id(checkout):
test_get_goods_with_refunds_manual_shipping_misc_refund(
test_channel_create_mutation_as_customer(user_api_client):
test_base_order_shipping_shipping_without_channel_listing(order_with_lines):
test_email_sent_event_without_user_and_app_pk(
test_addresses_for_federation_query_count(
test_order_confirmed(
test_apps_installation_missing_permission(staff_api_client):
test_webhook_delivery_attempt_query_sort_desc(
test_authenticate_user_with_access_token(
test_calculate_checkout_line_unit_price(
test_external_refresh_from_input(
test_update_payment_method_details_from_intent_payment_info_does_not_exist(
test_translation_created_menu_item(
test_serialize_checkout_lines_for_tax_calculation(
test_add_variant_to_order_adds_line_for_variant_with_price_0(
test_get_checkout_lines_data_sets_different_tax_code_only_for_zero_amount(
test_order_from_draft_create_0_total_value_from_voucher(
test_query_collection_for_federation(api_client,
test_create_page_with_reference_attribute(
test_delete_warehouse_mutation_trigger_webhook(
test_checkout_customer_detach_by_token(
test_delete_warehouse_mutation_with_webhooks_for_many_product_variants(
test_collection_channel_listing_update_unpublished(
test_fetch_all_products_visible_in_listings_by_app_with_perm(
test_query_available_shipping_methods_for_given_address(
test_get_payment_method_details():
test_shipping_method_channel_listing_update_with_to_many_decimal_places_in_max_val(
test_send_fulfillment_confirmation(mocked_email_task,
test_add_checkout_lines(
test_notify_via_external_notification_trigger_for_plugin_manager(
test_sale_toggle(
test_checkout_lines_add_with_available_for_purchase_from_tomorrow_product(
test_checkout_email_update_neither_token_and_id_given(
test_gift_card_bulk_activate_by_staff(
test_gift_card_add_note_expired_card(
test_checkout_shipping_address_update_exclude_shipping_method(
test_checkout_remove_promo_code_invalid_object_type(
test_translation_updated_page(
test_update_used_gift_card_to_never_expired(
test_authorize_method_error(dummy_payment_data,
test_query_permission_group_with_invalid_object_type(
test_query_channels_as_app(
test_calculate_order_line_unit_with_discount(
test_query_channel_with_invalid_object_type(staff_api_client,
test_customer_register_disabled_email_confirmation(mocked_notify,
test_base_tax_rate_net_price_zero():
test_add_private_metadata_for_gift_card(
test_product_query_by_id_not_existing_in_channel_as_app(
test_app_fetch_manifest_missing_fields(
test_query_gift_card_no_permissions(staff_api_client,
test_available_products_available_with_many_channels(
test_validate_plugin_configuration_without_apple_cert(adyen_plugin):
test_orders_total(
test_create_page_with_reference_attribute_not_required_no_references_given(
test_draft_order_properly_recalculate_total_after_shipping_product_removed(
test_notify_missing_handler(mocked_get_event_to_task_map,
test_fulfill_order_lines_multiple_lines(order_with_lines):
test_base_tax_rate_gross_price_zero():
test_attribute_value_translation(
test_external_obtain_access_tokens_plugin_disabled(openid_plugin,
test_add_variant_to_order_not_allocates_stock_for_new_variant(
test_send_confirmation_emails_without_addresses_for_order(
test_category_delete_trigger_webhook(
test_checkout_update_language_code(
test_query_checkout_line_with_invalid_object_type(staff_api_client,
test_order_fulfill_channel_without_shipping_zones(
test_update_variant_with_rich_text_attribute(
test_delete_shipping_methods_trigger_multiple_webhook_events(
test_sort_products_by_price_as_staff(staff_api_client,
test_sale_created(sale,
test_get_countries_codes_list_true(shipping_zones):
test_set_user_search_document_values(customer_user,
test_gift_cards_create_multiple_quantity(
test_draft_order_complete_not_draft_order(
test_sort_products_by_price_as_staff(
test_filter_not_published_product_not_published_tomorrow(product,
test_discount_for_variants_is_applied_to_single_variant(product,
test_order_update_shipping_tax_included(
test_get_first_warehouse_for_channel_no_shipping_zone(
test_variant_channel_listing_update_with_empty_input(
test_query_private_meta_for_transaction_item_as_staff_without_permission(
test_send_fulfillment_email_update(
test_validate_price_precision_raise_error(value,
test_query_plugins_with_sort(
test_delete_from_storage_file_that_not_exists(media_root):
test_send_account_change_email_request(
test_validate_end_is_after_start_raise_error():
test_is_due_sale_started_to_notify_and_upcoming_sale(sale,
test_add_public_metadata_for_voucher(
test_calculate_base_line_unit_price_with_variant_on_sale_custom_price(
test_external_authentication_url(api_client,
test_validate_attributes_input_multiple_errors(
test_confirm_payment_intent_with_details(
test_checkout_customer_attach_by_token(
test_get_form_field_description_empty_extra_help_text(mockfield):
test_request_invoice_invalid_order(staff_api_client,
test_list_client_sources_other_name(authorize_net_gateway_config):
test_run_method_on_single_plugin_method_not_implemented(plugins_manager):
test_clean_editor_js_for_list():
test_apply_taxes_to_product_from_source_country(
test_validate_price_amount_raise_error(value,
test_send_invoice_email_task_by_app(
test_delivery_status_filter(
test_webhook_create_by_staff_with_inactive_app(staff_api_client,
test_checkout_customer_attach_by_id(
test_query_public_meta_for_transaction_item_as_app_with_permission(
test_payment_information_order_events_query(
test_query_gift_card_only_users_emails(
test_sale_channel_listing_update_duplicated_channel_in_remove(
test_create_return_fulfillment_only_order_lines_with_refund(
test_checkout_complete_order_already_exists_for_token_as_input(
test_validate_staff_voucher_for_staff_customer(channel_USD,
test_checkout_lines_add_with_existing_variant_and_metadata(
test_permission_group_update_mutation_multiple_errors(
test_available_products_only_published(product_list,
test_get_goods_with_refunds(
test_app_with_access_to_resources(
test_checkout_complete_by_app(
test_fulfillment_approve_when_stock_is_exceeded_and_flag_disabled(
test_user_doesnt_exist(prefix,
test_base_checkout_total_high_discount():
test_handle_reversed_refund_invalid_payment_id(
test_query_private_meta_for_product_variant_as_customer(
test_api_call_report(
test_obfuscate_email():
test_handle_fully_paid_order_gift_cards_created(
test_payment_owned_by_user_from_checkout(payment,
test_activate_gift_card_by_customer(
test_products_query_with_is_published_filter_one_variant_without_price(
test_get_product_image_thumbnail_no_instance():
test_order_query_shipping_methods_excluded_postal_codes(
test_tracing_query_identifier_for_query(
test_channel_delete_mutation_without_migration_channel_with_orders(
test_product_channel_listing_add_variant_duplicated_ids_in_add_and_remove(
test_query_filter_gift_cards_by_initial_balance(
test_vouchers_with_sorting_and_channel_USD(
test_create_fullfilment_with_out_of_stock_webhook(
test_product_attribute_value_plain_text_translation(
test_checkout_billing_address_update_with_skip_value_check_saves_address(
test_transaction_query_by_app(
test_checkout_create(api_client,
test_attributes_in_collection_query(
test_shop_reservation_settings_mutation(
test_collections_with_filtering_with_channel_USD(
test_checkout_lines_add_too_many(user_api_client,
test_permission_group_updated(
test_search_product_by_description_and_name_without_sort_by(
test_order_lines_create_with_product_and_variant_not_assigned_to_channel(
test_filter_gift_cards_by_used_by_user(
test_sale_create_updates_products_discounted_prices(
test_get_available_quantity_without_stocks(variant_with_many_stocks,
test_checkout_complete_for_token_as_input(
test_checkout_remove_promo_code_no_id_and_code_given(
test_create_attribute_trigger_webhook(
test_applicable_for_click_and_collect_returns_empty_collection_if_different_channel(
test_update_product_variant_with_variant_reference_attribute(
test_query_gift_cards(
test_query_category_for_federation(api_client,
test_create_variant_without_name(
test_create_token_invalid_email(api_client,
test_delete_gift_card_by_staff(
test_handle_capture_for_checkout(
test_checkout_line_delete(
test_create_product_type_with_date_attribute(
test_checkout_available_shipping_methods_with_weight_based_shipping_method(
test_order_calculate_taxes(
test_create_file_with_headers_csv(user_export_file,
test_collection_channel_listing_update_publish_without_publication_date(
test_get_variant_from_order_line_variant_not_assigned_to_channel_as_customer(
test_order_query_invoices_customer_user(user_api_client):
test_create_payment_lines_information_checkout_with_voucher(
test_invalidate_stocks_dataloader_on_update_stocks(
test_update_menu_trigger_webhook(
test_query_private_meta_for_voucher_as_anonymous_user(api_client,
test_checkout_shipping_address_update_with_not_applicable_voucher(
test_product_is_visible_from_today(product):
test_visible_to_staff_user(
test_use_authorization_bearer_header_when_authorization_is_provided(
test_clean_channels_add_channels(channel_PLN):
test_update_invoice(staff_api_client,
test_trigger_webhooks_with_google_pub_sub_and_secret_key(
test_get_webhook_for_event_no_duplicates(async_app_factory,
test_order_query_with_filter_is_preorder_true(
test_shipping_method_channel_listing_update_with_negative_price(
test_handle_successful_payment_intent_with_future_usage(
test_add_private_metadata_for_draft_order_by_id(
test_get_checkout_shipping_tax_rate(
test_delete_shipping_method_trigger_webhook(
test_verify_access_token_with_permissions(
test_checkout_complete_with_not_normalized_shipping_address(
test_covert_weight_to_default_weight_unit(
test_get_products_data_for_specified_warehouses(
test_prepare_order_search_vector_value_no_relations_data(order,
test_get_order_request_data_draft_order_with_sale(
test_calculate_checkout_shipping_no_shipping_price(
test_collections_query_with_sort(
test_generate_transaction_action_request_payload_for_order(
test_query_public_meta_for_voucher_as_customer(user_api_client,
test_manager_get_order_line_tax_rate_sample_plugin(order_with_lines):
test_category_query_by_slug(user_api_client,
test_product_channel_listing_update_update_is_available_for_purchase_false(
test_apply_taxes_to_product_with_excluded_country(
test_anonymous_client_cant_fetch_checkout_user(api_client,
test_checkout_create_with_unavailable_variant(
test_get_product_variant_preorder_as_staff(
test_checkout_delivery_method_update_invalidate_prices(
test_create_payment_information_for_checkout_token(payment_dummy,
test_get_tax_code_from_object_meta_default_code(
test_order_query_shipping_zones_without_channel(
test_send_csv_export_success(mocked_email_task,
test_export_gift_cards_in_batches_to_xlsx(
test_get_cached_tax_codes_or_fetch(monkeypatch):
test_product_delete_removes_reference_to_page(
test_checkout_shipping_address_update_with_skip_value_check_saves_address(
test_create_attribute_and_attribute_values(
test_assign_page_attribute_to_product_type(
test_checkout_complete_invalid_token(user_api_client):
test_order_by_token_query_by_app_no_perm(
test_fulfill_gift_card_lines(
test_order_tax_rate_resolver_tax_recalculation(
test_delete_empty_list_of_ids(staff_api_client,
test_filter_in_collection_not_published_by_app_with_perm(
test_manager_external_logout(rf,
test_base_order_total_with_fixed_manual_discount_more_then_total(order_with_lines):
test_collection_query_by_slug(
test_save_plugin_configuration(plugin_configuration):
test_delete_order_discount_from_order(
test_product_media_create_mutation_with_both_url_and_image(
test_product_variants_visible_in_listings_by_staff_without_perm(
test_mutation_update_product_with_default_variant(
test_create_product_type_with_text_attribute(
test_variant_channel_listing_update_preorder(
test_retrieve_product_list(
test_unassign_attributes_from_page_type_by_app(
test_refresh_token_get_token_missing_csrf_token(api_client,
test_recalculate_checkout_discount_percentage(
test_stocks_for_country_warehouse_with_given_channel_do_not_exist(
test_query_public_meta_for_transaction_item_as_customer(
test_calculate_checkout_line_unit_price_with_voucher_multiple_lines(
test_assign_attributes_to_product_type(
test_retrieve_secondary_menu(api_client,
test_decrease_stock_multiple_lines(allocations):
test_get_filename_from_url_unique():
test_retrieve_shop(api_client,
test_chunk_products(product):
test_get_available_quantity_with_allocations_and_reservations(
test_change_quantity_update_line_fields(
test_collections_query_with_default_channel_slug(
test_create_gift_card_with_with_enddate_before_startdate(
test_get_variant_by_sku_as_anonymous_user(api_client,
test_delete_products_with_file_attributes(
test_add_private_metadata_for_checkout_line(
test_validate_attributes_input_for_product_too_many_values_given(
test_manager_calculates_order_line_total(order_line,
test_category_image_query_with_size_proxy_url_returned(
test_checkout_remove_voucher_code_invalidates_price(
test_to_adyen_price(value,
test_get_shopper_locale_value(language_code,
test_webhook_create_by_staff_without_permission(staff_api_client,
test_collection_query_unpublished_collection_by_slug_and_anonymous_user(
test_staff_query_order_by_old_id_for_order_with_use_old_id_set_to_false(
test_gift_card_settings_query_as_app(
test_install_app_task_wrong_format_of_target_token_url():
test_checkout_billing_address_update_by_id(
test_query_export_file_with_invalid_object_type(
test_update_attribute_and_add_attribute_values_errors(
test_generate_excluded_shipping_methods_for_checkout_payload(
test_prepare_products_relations_data_only_channel_ids(
test_customer_register(
test_update_page_with_title_value_and_without_slug_value(
test_query_export_file(
test_create_checkout_with_reservations(
test_get_tax_rate_percentage_value_from_source_country(
test_query_plugin_hides_secret_fields(
test_attributes_query_hidden_attribute_as_staff_user(
test_update_checkout_lines_with_reservations(
test_query_order_without_addresses(order,
test_menu_items_collection_in_other_channel(
test_generate_name_from_values_empty(variant_with_no_attributes):
test_payment_gateway_validate_failure(
test_assignment_attribute_update_assigned_should_modify_variant_selection(
test_add_variant_to_order(order,
test_transaction_update_multiple_amounts_provided(
test_checkout_create_with_inactive_and_active_default_channel(
test_payment_refund_or_void_void_called(void_mock,
test_jwt_decode_accepts_app_token_hs256_with_audience(settings):
test_update_product_without_supplying_required_product_attribute(
test_create_product_variant_required_without_attributes(
test_query_order_fields_order_with_new_id_by_anonymous_user(order,
test_use_checkout_billing_address_as_payment_billing(
test_voucher_query_with_channel_slug(
test_delete_product_media_task_product_media_not_to_remove(
test_update_product_with_product_reference_attribute_existing_value(
test_send_order_canceled_email_task_default_template_by_app(
test_incorect_type_of_token(rf,
test_create_address_mutation_the_oldest_address_is_deleted(
test_create_variant_with_numeric_attribute(
test_query_private_meta_for_page_type_as_anonymous_user(api_client,
test_update_attribute_with_numeric_input_type(
test_deactivate_preorder_for_variant_order_without_shipping_method(
test_order_filter_shipping_methods_no_methods_in_channel(
test_add_variant_to_order_edits_line_for_existing_variant(
test_shop_reservation_set_negative_settings_mutation(
test_channel_update_mutation_add_shipping_zone(
test_stock_for_country_does_not_exists(product,
test_category_query_by_id(user_api_client,
test_plugins_manager_loader_loads_requestor_in_plugin(rf,
test_delete_private_metadata_for_transaction_item(
test_create_attribute_value(
test_create_page_with_file_attribute_new_attribute_value(
test_assign_tax_code_to_object_meta_no_obj_id(
test_update_order_status_partially_returned(fulfilled_order):
test_authenticate_user_wrong_owner(
test_cancel_fulfillment_variant_witout_inventory_tracking(
test_clean_product_attributes_boolean_filter_input(boolean_attribute):
test_query_webhook_events(staff_api_client,
test_checkout_remove_voucher_code_neither_token_and_id_given(
test_create_csv_file_and_save_in_export_file_xlsx(export_file,
test_checkout_line_delete_by_old_line_id(
test_send_staff_emails_without_notification_recipient(
test_handle_successful_payment_intent_when_order_creation_raises_exception(
test_collection_image_query_with_size_thumbnail_url_returned(
test_checkout_shipping_address_with_invalid_phone_number_returns_error(
test_update_product_variant_with_duplicated_file_attribute(
test_create_payment_intent_returns_intent_object(mocked_payment_intent):
test_fulfill_order_lines_without_inventory_tracking(order_with_lines):
test_handle_api_response_auto_capture_false_order_created_can_void(
test_generate_excluded_shipping_methods_for_order_payload(
test_create_gift_cards_trigger_webhooks(
test_calculations_calculate_order_total_with_discount_for_more_than_order_total(
test_create_product_description_plaintext(
test_draft_order_lines_create_with_unavailable_variant(
test_delete_shipping_zone_trigger_webhook(
test_order_query_with_filter_channels_with_one_channel(
test_refund_payment(payment_adyen_for_order,
test_process_payment_error_response(
test_assign_tax_code_to_object_meta_no_obj_id_and_none_as_tax_code(vatlayer):
test_draft_orders_query_pagination_with_filter_search_by_number(
test_staff_query_order_with_invalid_object_type(
test_query_channel_returns_countries_attached_to_shipping_zone(
test_checkout_available_payment_gateways_currency_specified_USD(
test_checkout_create_check_lines_quantity_limit_when_variant_in_multiple_lines(
test_available_collection_points_for_preorders_variants_in_order(
test_validate_app_install_response_when_wrong_error_message(json_response):
test_export_gift_cards_mutation_failed(
test_page_create_mutation(staff_api_client,
test_staff_query_user_by_id_without_permission_for_federation(
test_validate_draft_order_no_shipping_method_shipping_not_required(draft_order):
test_get_default_gift_card_payload(gift_card):
test_get_product_variant_preorder_as_customer_allowed_fields(
test_product_variant_attribute_value_rich_text_translation(
test_product_variant_set_default_invalid_id(
test_delete_files_from_storage_task(
test_get_voucher_for_checkout_info_no_voucher_code(checkout):
test_order_query_total_price_is_0(
test_handle_pending_invalid_payment_id(
test_get_product_image_thumbnail_url_returned(product_with_image):
test_specific_products_voucher_checkout_discount(
test_manager_get_order_shipping_tax_rate_sample_plugin(order_with_lines):
test_query_plugin_configuration(
test_unauthenticated_query_group_federation(api_client):
test_get_user_from_token_missing_email(id_payload):
test_install_app_extension_incorrect_values(
test_requestor_has_access_no_access_by_staff(
test_create_refund_data_fulfillment_lines(fulfilled_order,
test_valid_voucher_min_spent_amount_not_reached(channel_USD):
test_send_staff_emails(
test_query_filter_gift_cards_by_current_balance(
test_page_type_update_multiple_errors(
test_manager_sale_created(sale):
test_update_shipping_method(
test_page_type_create_duplicated_slug(
test_retry_install_app_mutation_missing_required_permissions(
test_draft_order_update_billing_address_invalidate_prices(
test_anonymize_gql_operation_response_with_empty_sensitive_fields_map(
test_jwt_refresh_token_middleware(expire,
test_filter_attributes_in_category_not_visible_in_listings_by_app_without_perm(
test_validate_image_file_invalid_file_extension():
test_page_type_update_trigger_webhook(
test_jwt_manager_validate_missing_rsa_private_key(settings):
test_obfuscate_string():
test_fulfillment_return_products_order_lines(
test_sale_delete_updates_products_discounted_prices(
test_checkout_shipping_address_update_with_reserved_stocks(
test_checkout_create_available_for_purchase_from_tomorrow_product(
test_calculate_checkout_line_unit_price_save_avatax_response_in_cache(
test_customer_update_generates_event_when_deactivating(
test_calculations_calculate_order_total_with_manual_discount(
test_manager_external_verify(rf,
test_variant_quantity_available_without_country_code(
test_get_taxes_for_order(
test_save_plugin_configuration_adds_new_field(plugin_configuration,
test_user_with_limited_permissions(
test_run_payment_webhook_invalid_app(payment_invalid_app,
test_register_invalid_shipping_address(config,
test_checkout_complete_no_checkout_email(
test_checkout_complete_0_total_value_from_voucher(
test_create_product_with_numeric_attribute_not_numeric_value_given(
test_gift_card_bulk_activate_by_customer(
test_checkout_create_no_email(api_client,
test_get_fulfillment_for_order_multiple_fulfillments_one_valid(order):
test_install_app_created_app_trigger_webhook(
test_send_csv_export_failed(mocked_email_task,
test_create_shipping_method_with_negative_min_weight(
test_checkout_shipping_price_setter():
test_query_product_thumbnail_no_product_media(
test_get_attributes_headers_lack_of_attributes_ids():
test_create_page_with_product_reference_attribute(
test_sale_create_translation_by_translatable_content_id(
test_create_checkout_for_cc(
test_product_channel_listing_update_add_channel_without_publication_date(
test_validate_subscription_query_valid_with_fragment():
test_anonymize_gql_operation_response(gql_operation_factory):
test_staff_update_name_field(
test_order_cancelled(
test_manager_serve_list_all_payment_gateways(channel_USD):
test_product_variants_by_ids(user_api_client,
test_checkout_lines_delete_with_by_zero_quantity_when_variant_out_of_stock(
test_checkout_prices_with_specific_voucher(
test_voucher_channel_listing_create_many_channel(
test_fulfillment_return_products_gift_card_fulfillment_line(
test_refund_payment_no_order(np_atobarai_plugin,
test_checkout_transactions_missing_permission(api_client,
test_update_shipping_zone_add_warehouses(
test_translation_created_collection(
test_products_with_sorting_and_not_existing_channel_asc(
test_filter_not_published_product_published_tomorrow(product,
test_get_variant_by_id_as_app(app_api_client,
test_try_payment_action_generates_app_event(order,
test_attributes_filter_by_product_type_with_unsupported_field(customer_user):
test_export_gift_cards_mutation_ids_scope_invalid_object_type(
test_orders_query_with_filter_authorize_status(
test_calculate_base_line_total_price_with_discounts_apply_once_per_order(
test_product_query_by_id_available_as_staff_user(
test_create_page_with_plain_text_attribute(
test_update_shipping_method_trigger_webhook(
test_handle_additional_actions_payment_does_not_exist(payment_adyen_for_checkout):
test_checkout_add_payment_neither_token_and_id_given(
test_handle_not_created_order_create_new_success_transaction(
test_send_webhook_request_sync_failed_attempt(
test_checkout_lines_add_with_insufficient_stock(
test_order_query_external_shipping_method(
test_tracing_query_identifier_with_fragment(
test_deallocate_stock_many_allocations(
test_install_app_task(app_installation):
test_get_payment_invalid_payment_id(payment_id,
test_shipping_zone_updated(
test_update_products_discounted_prices_of_catalogues_for_collection(
test_generate_invoice_pdf_for_order(
test_page_type_update_as_app(
test_generate_checkout_lines_payload_custom_price(checkout_with_single_item):
test_generate_and_set_variant_name_different_attributes(
test_collection_query_unpublished_collection_by_id_as_app(
test_update_product_variant_with_price_does_not_raise_price_validation_error(
test_checkout_create_logged_in_customer_custom_addresses(
test_send_email_order_refunded(mocked_templated_email,
test_create_variant_with_file_attribute(
test_request_data_for_gateway_config_no_country(checkout,
test_assign_tax_code_to_object_meta_none_as_tax_code(
test_attributes_query_hidden_attribute_as_staff_user_without_permissions(
test_payment_is_not_owned_by_user(
test_collection_query_error_when_id_and_slug_provided(
test_prepare_variants_relations_data_warehouse_ids(
test_webhook_create_inactive_app(app_api_client,
test_query_countries_filter_shiping_zones_attached_true(
test_checkout_complete_without_redirect_url(
test_fetch_all_variants_staff_user_without_channel(
test_query_private_meta_for_product_as_customer(
test_checkout_lines_update_variant_quantity_over_avability_stock(
test_checkout_get_total_with_more_money_on_gift_card(
test_delete_product(staff_api_client,
test_orders_without_channel(staff_api_client,
test_process_payment_success(token,
test_handle_fully_paid_order(
test_refund_payment(
test_app_extension_with_app_query_by_staff_with_permissions(
test_checkout_create_with_existing_checkout_in_other_channel(
test_prepare_address_request_data_without_city_country_code_and_areas(
test_plugins_query_with_filter(
test_invoice_deleted(fulfilled_order,
test_validate_address():
test_sorting_gift_cards_by_tag(
test_query_public_meta_for_page_type_as_customer(user_api_client,
test_applicable_for_click_and_collect_returns_empty_collection_if_no_channels(
test_update_sale_start_date_after_current_date_notification_not_sent(
test_page_type_updated(page_type,
test_process_payment_failed(token,
test_order_confirm_unfulfilled(staff_api_client,
test_list_external_authentications_active_only():
test_use_default_header_as_a_fallback(rf,
test_validate_attributes_input(weight_attribute,
test_create_variant_with_empty_string_for_sku(
test_allocate_stocks_the_highest_stock_strategy_with_collection_point(
test_request_data_for_payment_channel_different_than_web(
test_order_weight_add_more_variant(
test_request_invoice_no_number(staff_api_client,
test_checkout_create_default_email_for_logged_in_customer(
test_handle_failed_payment_intent_for_checkout(
test_validate_attributes_input_for_page(
test_manager_webhook_plugin_doesnt_have_webhook_support(rf):
test_clean_editor_js(text):
test_check_preorder_threshold_bulk_channel_threshold(
test_payment_initialize_gateway_doesnt_exist(api_client):
test_attributes_query_with_filter(
test_checkout_add_payment_with_shipping_method_and_shipping_required(
test_checkout_delivery_method_update_shipping_zone_with_channel(
test_create_checkout_with_digital(
test_delete_attributes(
test_get_or_create_user_from_payload_assigns_sub(customer_user):
test_collection_created(
test_add_public_metadata_for_draft_order_by_token(api_client,
test_update_page_with_file_attribute_value(
test_variant_channel_listing_update_trigger_webhook_product_updated(
test_send_email_order_refunded_by_user(
test_validate_attributes_input_for_product_empty_values_given(
test_fulfillment_refund_products_fulfillment_lines_custom_amount(
test_get_single_reference_attribute_by_staff(
test_to_payment_app_id_app_identifier_used(app):
test_notify_via_external_notification_trigger(
test_checkout_lines_for_click_and_collect_insufficient_stock(
test_query_export_file_by_invalid_id(
test_product_query_by_id_available_as_customer(
test_staff_multiple_orders_address_resolving(
test_product_updated(mocked_webhook_trigger,
test_create_fulfillments_require_approval_as_app(
test_validate_image_file():
test_checkout_lines_delete_invalid_checkout_token(
test_update_attribute_and_remove_others_attribute_value(
test_update_product_variant_with_reference_attribute(
test_email_sent_event_with_user(order,
test_add_staff_voucher_to_customer_checkout(
test_orders_query_pagination_with_filter_search_by_number(
test_app_created(app,
test_update_variant_with_numeric_attribute(
test_filter_products_by_attributes(
test_order_query_with_filter_is_click_and_collect_true(
test_delete_collections_with_images(
test_webhook_with_invalid_object_type(
test_install_app_webhook_incorrect_url(
test_export_products_in_batches_for_xlsx(
test_product_channel_listing_pricing_field_no_address(
test_unassign_variant_media_image(
test_send_payment_confirmation_email_task_custom_template(
test_nested_order_events_query(
test_handle_authorization_for_order_invalid_payment_id(
test_request_data_for_payment_when_missing_postal_code(
test_export_products_filter_is_published(
test_requestor_has_access_no_access_by_customer(staff_user,
test_account_event_customer_deleted_event_resolves_properly(
test_authenticate_user_unable_to_decode_token(openid_plugin,
test_voucher_create_translation_by_translatable_content_id(
test_filter_attributes_in_category_invalid_category_id(
test_update_product_search_document(product_type,
test_checkout_customer_attach_by_app_without_permission(
test_gift_card_bulk_activate_all_cards_already_active(
test_warehouse_updated(warehouse,
test_external_obtain_access_tokens_plugin_not_active(api_client,
test_get_user_info_raises_http_error(monkeypatch):
test_product_media_create_mutation_with_unknown_url(
test_calculate_expiry_settings(period_type,
test_transaction_update_reference(
test_vouchers_query_with_channel_slug(
test_check_stock_quantity_without_stocks(variant_with_many_stocks,
test_delete_private_metadata_for_shipping_method(
test_transaction_update_for_order_reduces_transaction_authorized_amount_to_zero(
test_page_attribute_value_plain_text_translation(
test_manager_with_channel_plugins(
test_orders_total_channel_pln(
test_check_preorder_reserved_threshold_bulk_global_threshold(
test_checkout_reservation_date_for_multiple_reservations(
test_get_nodes_for_order_with_int_id(order_list):
test_create_return_fulfillment_only_order_lines_with_replace_request(
test_create_variant_preorder(
test_send_webhook_request_sync_failed_attempt(mock_post,
test_order_line_without_sku_still_has_id(order,
test_products_with_variants_query_as_app(
test_send_not_ready_invoice(
test_handle_pending_already_pending(
test_get_default_weight_unit(site_settings):
test_update_product_type_kind(
test_checkout_lines_update_with_unavailable_variant(
test_add_private_metadata_for_page_attribute(
test_account_reset_password_invalid_email(
test_order_line_update_with_back_in_stock_webhook_fail_scenario(
test_fetch_order_prices_when_tax_exemption_and_not_include_taxes_in_prices(
test_checkout_billing_address_update_by_token_without_required_fields(
test_query_public_meta_for_transaction_item_as_staff_without_permission(
test_variant_channel_listing_update_as_staff_user(
test_product_channel_listing_update_too_many_decimal_places_in_cost_price(
test_handle_successful_payment_intent_different_checkout_channel_slug(
test_checkout_shipping_methods_with_price_based_shipping_method_and_discount(
test_order_settings_query_as_user(user_api_client,
test_manager_get_taxes_for_order(
test_delete_product_variants_with_images(
test_category_query_wrong_id_correct_slug(user_api_client,
test_update_private_metadata_by_customer(user_api_client,
test_product_update_updates_minimal_variant_price(
test_product_query_by_id_as_app_without_channel_slug(
test_update_sale_start_date_before_current_date_notification_already_sent(
test_products_with_sorting_and_channel_USD(
test_handle_order_closed_success_false(
test_update_payment_method_metadata_from_payment_intent_with_payment_method(
test_sale_webhook_schedule_remaining_estimate_initial_state():
test_manager_get_order_shipping_tax_rate_no_plugins(
test_external_obtain_access_tokens(
test_page_type_query_filter_unassigned_attributes(
test_mutation_calls_plugin_perform_mutation_after_permission_checks(
test_app_query_address_federation(app_api_client,
test_cancel_active_payments(checkout_with_payments):
test_generate_excluded_shipping_methods_for_checkout(checkout):
test_order_from_checkout_gift_card_bought(
test_product_channel_listing_update_remove_not_assigned_channel(
test_stocks_for_default_shipping_zone(variant,
test_create_shipping_method_with_to_many_decimal_places_in_maximum_order_price(
test_send_order_canceled_email_task(
test_app_extension_normal_user(app,
test_payment_process(payment,
test_filter_by_meta_expected_product_for_only_key(
test_create_shipping_method_minimum_delivery_days_below_0(
test_get_unpublished_variant_by_id_as_app(
test_collection_created(collection,
test_generate_sample_checkout_payload(user_checkout_with_items):
test_get_order_line_payload(order_line):
test_tracking_number_updated_already_captured(
test_check_stock_quantity_with_reservations_excluding_given_checkout_lines(
test_checkout_complete_order_already_exists_neither_token_and_id_given(
test_order_update_total_authorize_data_with_payment(
test_send_password_reset_notification(
test_send_csv_product_export_success(mocked_email_task,
test_transaction_request_refund_action_for_checkout(
test_apps_installation_by_app(
test_query_countries_filter_shiping_zones_attached_false(
test_run_payment_webhook_no_payment_app_data(payment,
test_get_goods(
test_update_product_discounted_price_without_price(
test_order_available_shipping_methods(
test_product_variants_visible_in_listings_by_app_without_manage_products(
test_app_fetch_manifest_unable_to_connect(
test_get_fulfillment_for_order_no_fulfillment(order):
test_get_channels_headers_lack_of_channel_ids():
test_create_tokens_from_oauth_payload(monkeypatch,
test_order_from_checkout_with_inactive_channel(
test_order_query_with_filter_gift_card_bough_true(
test_app_token_delete_for_app_out_of_scope_app(
test_add_reference_attribute_info_to_data(product,
test_shipping_zones_query(
test_vouchers_with_filter_and_channel_USD(
test_product_variant_deactivate_preorder_cannot_deactivate(
test_calculate_checkout_line_unit_price_with_variant_on_sale(
test_customer_address_update_trigger_webhook(
test_query_payments_failed_payment(
test_query_public_meta_for_product_as_customer(
test_add_private_metadata_for_order_by_token(
test_deallocate_stock_when_quantity_less_than_zero(allocation):
test_get_discount_for_checkout_specific_products_voucher_apply_only_once(
test_webhooks(
test_get_or_create_customer_failed_retrieve(mocked_customer):
test_categories_for_federation_query_count(
test_voucher_queryset_active_in_channel(voucher,
test_assign_attributes_to_page_type_invalid_object_type_as_page_type_id(
test_app_fetch_manifest_with_extensions(
test_create_default_slug(staff_api_client,
test_user_deactivated_token(prefix,
test_create_variant_no_required_attributes(
test_product_channel_listing_update_update_publication_date_and_published_at(
test_update_product_with_product_reference_attribute_value_not_given(
test_get_checkout_line_tax_rate_save_avatax_response_in_cache(
test_me_user_permissions_query(
test_query_available_shipping_methods_no_channel_shipping_zones(
test_collections_with_sorting_and_not_existing_channel_asc(
test_deactivate_all_user_token_refresh_token(
test_variant_quantity_available_without_inventory_tracking(
test_external_authentication_raises_error_when_missing_redirect(openid_plugin,
test_fetch_all_products_not_available_as_customer(
test_available_products_only_available(product_list,
test_request_data_for_gateway_config(checkout,
test_stock_quantities_in_different_warehouses(
test_append_to_file_for_xlsx(export_file,
test_category_query(
test_translation_updated_sale(
test_checkout_available_shipping_methods_excluded_zip_codes(
test_order_from_checkout_with_metadata(
test_cannot_update_configuration_hidden_plugin(
test_send_email_with_link_to_download_csv(
test_transaction_refund_action_request(
test_complete_checkout_for_click_and_collect(
test_draft_order_updated(order,
test_checkout_remove_voucher_code_both_token_and_id_given(
test_products_pagination_for_products_with_the_same_names_one_page(
test_update_metadata_for_payment_by_non_logged_user(api_client,
test_account_request_deletion_token_validation(mocked_notify,
test_page_type_query_by_staff(
test_sort_attributes_within_product_type_invalid_id(
test_product_query_unpublished_products_by_slug_and_anonymous_user(
test_invoice_send_notification_by_user(
test_payment_owned_by_user_from_order(payment,
test_category_updated(
test_missing_token(prefix,
test_update_shipping_zone_add_and_remove_channels(
test_fulfillment_return_products_amount_order_with_gift_card(
test_order_query_no_thumbnail(
test_invalid_order_when_updating_lines(
test_send_staff_order_confirmation_email_task_default_template(
test_send_order_canceled_empty_template(
test_customer_update_assign_gift_cards_and_orders(
test_products_query_with_price_filter(
test_validate_attributes_input_for_product_multiply_errors(
test_prepare_address_request_data_with_country_area_without_city_area(
test_query_category_product_visible_in_listings_as_staff_without_manage_products(
test_create_product_with_numeric_attribute_new_attribute_value(
test_app_query_with_metafields_staff_user_without_permissions(
test_checkout_create_with_invalid_channel_slug(
test_filter_attribute_values_by_global_id_list(
test_handle_thumbnail_view_invalid_object_type(client,
test_checkout_create_with_malicious_variant_id(
test_send_user_change_email_notification_task_custom_template(
test_complete_checkout_with_digital_line(
test_base_order_total_with_percentage_manual_discount_and_fixed_voucher(
test_app_extensions(
test_get_variant_without_sku_by_id_as_anonymous_user(
test_product_create_translation_for_description_and_name_as_null(
test_order_by_old_id_query_by_anonymous_user(api_client,
test_query_public_meta_for_payment_as_another_customer(
test_page_created(page,
test_vaidate_invalid_multiple_events_and_fragments_in_subscription():
test_query_order_fields_order_with_old_id_staff_with_perm(
test_product_media_create_mutation_without_file(
test_send_payment_confirmation_email_task_default_template(
test_update_gift_card_change_to_expiry_period(
test_query_channel_as_app(app_api_client,
test_is_valid_delivery_method(checkout_with_item,
test_manager_delivery_retry(event_delivery):
test_voucher_channel_listing_update_trigger_webhook(
test_checkout_lines_update_with_custom_price_by_app_no_perm(
test_base_order_total_with_percentage_manual_discount_and_percentage_voucher(
test_filter_products_with_unavailable_variants_attributes_as_staff(
test_from_adyen_price(value,
test_create_product_no_value_for_plain_text_attribute(
test_serialize_gql_operation_result_when_minimal_bytes_limit(gql_operation_factory):
test_ongoing_apps_installation_missing_permission(app_job,
test_delete_collections(
test_create_shipping_zone(
test_list_client_sources(authorize_net_gateway_config):
test_fetch_all_variants_without_sku_staff_user_with_channel(
test_checkout_complete_insufficient_stock_reserved_by_other_user(
test_retrieve_main_menu(api_client,
test_checkout_add_collection_voucher_code_checkout_with_sale(
test_payment_capture_success(
test_checkout_complete_with_unavailable_variant(
test_get_nodes_for_order_with_int_id_and_use_old_id_set_to_false(order_list):
test_product_attribute_value_rich_text_translation(
test_handle_additional_actions_handles_return_urls(
test_send_fulfillment_confirmation_email_task_by_user(
test_deactivate_app_trigger_webhook(
test_checkout_email_update(user_api_client,
test_comp_checkout_builds_order_for_ALL_warehouse_even_if_not_available_locally(
test_order_refund(staff_api_client,
test_transaction_request_refund_action_for_order(
test_checkout_create_with_custom_price(
test_create_gift_card_with_too_many_decimal_places_in_balance_amount(
test_channel_delete_mutation_without_orders_in_channel(
test_validate_plugin_configuration_incorrect_certificate(
test_get_refunded_goods(
test_order_fulfill_with_gift_cards(
test_handle_additional_actions_with_adyen_partial_data_without_amount(
test_create_collection_trigger_product_update_webhook(
test_only_not_variant_selection_attr_left_variant_name_change_to_sku(product):
test_update_product_variant_name(
test_validate_one_of_args_is_in_query_more_than_one_true():
test_delete_public_metadata_for_voucher(
test_validate_image_url_invalid_mimetype_response(monkeypatch):
test_order_filter_shipping_methods_with_circular_call_for_shipping_methods(
test_query_public_meta_for_transaction_item_as_app_without_permission(
test_add_private_metadata_for_menu(staff_api_client,
test_external_authentication_url_returns_redirect_url(openid_plugin,
test_customer_query_user_by_email_for_federation(
test_user_has_access_access_by_staff(
test_vouchers_pagination_with_sorting(
test_create_gift_cards_with_expiry_date_by_app(
test_create_product_variant_missing_required_attributes(
test_checkout_update_language_code_by_id(
test_calculate_checkout_line_unit_price_with_voucher_multiple_lines_last_line(
test_send_email(
test_transaction_request_uses_manage_orders_permission(
test_fetch_order_prices_when_tax_exemption_and_include_taxes_in_prices(
test_transaction_create_for_checkout(
test_get_order_request_data_checks_when_taxes_are_not_included_to_price(
test_plugins_middleware_loads_requestor_in_plugin(rf,
test_reorder_page_type_attributes_by_app_no_perm(
test_from_payment_app_id_invalid(app_id):
test_update_product_variant_invalid_price(
test_checkout_complete_gift_card_bought(
test_checkout_lines_add_custom_price(
test_store_user_address_address_not_saved(address):
test_pop_event(buffer):
test_category_updated(category,
test_get_variant_by_id_as_customer(user_api_client,
test_change_transaction_failed(
test_create_shipping_method(
test_base_order_total(order_with_lines):
test_order_from_checkout_with_variant_without_price(
test_order_query_invoices_customer_user_by_token(
test_app_fetch_manifest_timeout(
test_confirm_payment(fake_payment_interface,
test_query_product_media_by_id_not_media_id(
test_decrease_voucher_usage(channel_USD):
test_assign_attributes_to_page_type_attribute_already_assigned(
test_capture_success(amount,
test_transaction_request_capture_action_for_checkout(
test_query_channel_return_public_data_as_anonymous(api_client,
test_query_payments_filter_by_not_existing_id(
test_product_type_update_mutation_not_valid_attributes(
test_channel_update_mutation_with_duplicated_slug(
test_get_nodes_for_order_with_uuid_id(order_list):
test_capture_payment(np_atobarai_plugin):
test_drop_failed_installation_mutation_out_of_scope_permissions(
test_validate_hmac_signature_without_keys(adyen_plugin,
test_payment_refund_with_invalid_argument(
test_filter_products_by_wrong_attributes(user_api_client,
test_order_query_payment_status_with_total_fulfillment_refund_equal_to_order_total(
test_get_gift_card_lines_no_gift_card_lines(
test_get_max_available_quantity_for_customer_without_stocks(
test_send_order_confirmed_email_task_by_app(
test_get_attributes_headers(product_with_multiple_values_attributes):
test_attribute_create_translation_by_translatable_content_id(
test_shipping_method_channel_listing_create_channel_not_valid(
test_order_update_charge_data_with_transaction_item_and_payment(
test_order_by_token_query_by_staff_with_permission(
test_order_query_charge_status(
test_product_query_by_id_as_staff_user_without_channel_slug(
test_products_with_filtering_without_channel(
test_create_gift_card(
test_user_deactivated(rf,
test_export_products_by_app(
test_update_product_variant_with_current_file_attribute(
test_orders_total_count_channel_USD(
test_attribute_value_create_translation_by_translatable_content_id(
test_authenticate_user_with_jwt_access_token(
test_query_webhook_by_app_without_permission(
test_order_line_update_with_back_in_stock_webhook_called_once_success_scenario(
test_payment_refund_or_void_no_payment(refund_mock,
test_refund(authorize_net_payment,
test_staff_create_trigger_webhook(
test_multiple_app_with_excluded_shipping_methods_for_order(
test_serialize_gql_operation_results_when_minimal_bytes_limit(
test_search_product_by_description_and_name_and_use_cursor(
test_me_checkout_tokens_without_channel_param(
test_manager_sale_updated(sale):
test_match_orders_with_new_user(customer_user,
test_add_private_metadata_for_invoice(staff_api_client,
test_create_shipping_method_with_to_many_decimal_places_in_minimum_order_price(
test_create_refund_lines_fulfillment_lines(fulfilled_order):
test_update_order_search_vector_without_save(order):
test_voucher_channel_listing_remove_channel(
test_create_refund_data_previously_refunded_order_lines(
test_query_with_pagination_and_fragments(books):
test_external_verify_missing_token(openid_plugin,
test_handle_failed_payment_intent_for_order(
test_handle_additional_actions(api_call_mock,
test_check_preorder_threshold_bulk_global_and_channel_threshold(
test_sale_toggle(sale,
test_update_gift_card(
test_external_verify(id_payload,
test_apply_tax_data(checkout_with_items,
test_delete_file_attribute(
test_delete_menu_items_trigger_webhook(
test_checkout_create(
test_collection_created(mocked_webhook_trigger,
test_update_public_metadata_for_non_exist_item(
test_checkout_lines_add_neither_token_and_id_given(
test_payment_has_user_from_order(payment,
test_associate_attribute_to_variant_instance_multiple_values(variant):
test_create_refund_fulfillment_custom_amount(
test_checkout_create_with_skip_value_check_doesnt_raise_error(
test_channel_update_mutation_add_and_remove_shipping_zone(
test_anonymize_event_delivery_payload_when_empty_subscription_query():
test_filter_collection_published_products(
test_base_order_total_with_fixed_voucher_more_then_total(order_with_lines):
test_checkout_create_with_variant_without_sku(
test_gift_card_add_note_fail_on_empty_message(
test_configuration_resolver_returns_email_template_value(
test_variant_quantity_available_with_country_code_no_channel_shipping_zones(
test_send_confirmation_emails_without_addresses_for_payment(
test_base_order_total_with_fixed_voucher_and_percentage_manual_discount(
test_subscribe_webhook_returns_webhook_object(mocked_webhook,
test_handle_thumbnail_view_invalid_instance_id(client,
test_get_checkout_line_tax_rate_use_cache(
test_page_delete_removes_reference_to_product(
test_update_fixed_order_discount_to_order(
test_custom_json_encoder_dumps_weight_objects():
test_shipping_zone_query_weights_returned_in_default_unit(
test_activate_active_gift_card(
test_category_query_wrong_id_and_slug(user_api_client,
test_store_user_address_uses_existing_one(address):
test_tax_exemption_manage_return_error_when_invalid_order_status(
test_update_attribute_trigger_webhook(
test_assign_attributes_to_page_type_by_app_no_perm(
test_calculate_checkout_line_unit_price_use_cache(
test_update_product_variant_unset_cost_price(
test_create_non_shippable_gift_cards(
test_remove_gift_card_code_from_checkout_no_checkout_gift_cards(
test_address_deleted(address,
test_page_type_bulk_delete_by_app_with_invalid_ids(
test_calculate_checkout_total_uses_default_calculation(
test_checkout_available_payment_gateways_currency_specified_EUR(
test_orders_total(staff_api_client,
test_query_product_media_by_id_no_size_value_original_image_returned(
test_refund_payment_intent(mocked_refund):
test_query_user_avatar_with_size_proxy_url_returned(
test_draft_order_lines_create_with_product_and_variant_not_assigned_to_channel(
test_clear_successful_delivery(event_delivery):
test_generate_product_variant_payload(
test_get_jwt_manager(settings):
test_invoice_delete(
test_is_due_no_sale_to_notify_about_and_upcoming_sale_exists(sale,
test_create_collection_name_with_unicode(
test_authorize_gateway_error(payment_dummy_credit_card,
test_parse_input():
test_update_variant_with_date_time_attribute(
test_calculate_checkout_line_unit_price_with_shipping_voucher(
test_store_payment_gateway_meta(customer_user,
test_unassign_attributes_from_page_type_by_app_no_perm(app_api_client,
test_send_fulfillment_confirmation_by_app(
test_account_reset_password_user_is_inactive(
test_user_has_access_no_access_by_customer(staff_user,
test_recalculate_order_prices_calls_update_taxes_for_order_lines(
test_update_variants_names_product_type_does_not_exist(
test_variant_quantity_available_preorder_without_reservations(
