test_parquet(ray_start_regular_shared,
test_relative_zip(self):
test_controller_recover_and_delete():
test_raylet_pending_tasks(shutdown_only):
test_file_deleted_when_driver_exits(tmp_path,
test_api_manager_summary_objects(state_api_manager):
test_no_exhaust(ray_start_2_cpus,
test_dt_compilation(self):
test_fastapi_custom_serializers(serve_instance):
test_init_exception_in_checkpointable_actor(
test_fast_api_mounted_app(serve_instance):
test_node_killed(
test_errors_before_initializing_ray():
test_dataset.take(1)\n",
test_actor_in_container_with_resource_limit():
test_create_operator_with_func():
test_load_checkpoint(ray_start_2_cpus):
test_concurrency(128,
test_runtime_env_valid(self):
test_start_shutdown(ray_start_stop):
test_serve_forceful_shutdown(serve_instance):
test_import_class():
test_generate_global_split_results(ray_start_regular_shared):
test_broadcast_torch_cupy(
test_execute_single(ray_start_2_cpus):
test_ray_exec(configure_lang,
test_get_filesystem_local(shutdown_only,
test_clip_reward_connector(self):
test_drop_columns(ray_start_regular_shared):
test_infeasible_actor(ray_addresses):
test_leading_capitalization(self):
test_padding(self):
test_from_dask(ray_start_regular_shared):
test_syncer_callback_sync_with_invalid_ip(ray_start_2_cpus,
test_schedule_actor_and_normal_task(ray_start_cluster_enabled):
testSaveCloudTarget(self):
test_ray_address_environment_variable(ray_start_cluster):
test_get_import_path_basic(self):
testMultiExperimentFail(self):
test_direct_inheritance_not_ok(self,
test_serial(self):
test_list_named_actors_basic_local_mode(ray_start_regular):
test_alpha_star_compilation(self):
test_basic_named_actor(call_ray_start_shared):
test_working_dir():
test_deploy_app_overwrite_apps(self,
test_shallow_dict(self):
test_nonexistent_method(serve_instance,
test_from_saved_model(self):
test_impala_multiagent(self):
test_init_two_actors(ray_start_single_node_2_gpus,
test_log_and_error_messages(ray_start_with_dashboard):
test_multi_agent_batches(self):
test_multiple_returns(ray_start_cluster,
test_many_args():
test_fusion_objects(fs_only_object_spilling_config,
test_default_config_cluster(ray_start_cluster_enabled):
test_validate_pip_invalid_types(self):
test_bad_func(ray_start_2_cpus):
test_world_size(session):
test_pass_step_without_calling():
test_parquet_deserialize_pieces_with_retry(
test_list_nodes(shutdown_only):
test_custom_stateful_preprocessor():
test_dataset(workflow_start_regular_shared):
test_schedule_placement_group_when_node_add(ray_start_cluster,
testRaiseExceptionFromNestPython()
test_config["run"].get("timeout",
test_empty_shuffle(ray_start_regular_shared):
test_define_actor(ray_start_regular_shared):
test_dict_pandas():
test_postsubmit_all(ray_start_1_cpu):
test_agent_report_unexpected_raylet_death_large_file(shutdown_only):
test_simple_imputer():
testConcurrencyGroupSmokeTest(self):
test_get_world_size(ray_start_single_node_2_gpus):
test_reducescatter_torch_cupy(ray_start_single_node_2_gpus):
test_fastapi_function(serve_instance):
test_config["run"].get("autosuspend_mins",
test_single_func_deployment_dag(serve_instance):
test_finish(ray_start_1_cpu):
test_preprocessor_in_checkpoint(ray_start_6_cpus,
test["cluster"].get("autosuspend_mins",
test_football_env(self):
testSampleBoundsSkOpt(self):
test_memory_dashboard(shutdown_only):
test_init_twice_2(tmp_path):
test_basic(self):
test_exclusion(working_dir,
test_active_component_activities(ray_start_with_dashboard):
test_basic(ray_start_4_cpus):
test_placement_group_load_report(ray_start_cluster):
test_uniform_kbins_discretizer(
test_actor_timestamps(ray_start_regular):
test_multi_cli_basic(call_ray_start):
test_path_partition_filter_directory(fs,
testMetricError(self):
test_serve_application_kubernetes_config(self):
test_invalid_use_sync_handle():
test_test_async_requests_task_doesnt_buffering(self):
test_invalid_runtime_env(job_sdk_client):
test_validate_working_dir_invalid_types(self):
test_stream_config():
test_resume_from_checkpoint(ray_start_6_cpus,
test_dataset(ray_start_4_cpus,
test_shutdown(ray_shutdown):
test_numpy_subclass_serialization_pickle(ray_start_regular):
test_rewrite_simple_shuffle_layer():
test_ray_dask_basic(ray_start_1_cpu):
test_dataset_pipeline_cache_cases(ray_start_regular_shared):
test_middleware():
test_wf_in_actor_seq_2(workflow_start_regular,
test_dqn(self):
test_user_config_nested():
test_pop_max_replicas(self):
test_logged_info__both_pick_blue_all_the_time():
test_client_thread_safe(call_ray_start_shared):
test.get_policy("p0")
test_worker_raylet_resubscription(tmp_path,
test_get_instances_packing_heuristic():
test_get_single_step_input_dict_batch_repeat_value_larger_1(self):
test_serialization():
test_timeout_stopper_recover_before_timeout():
test_many_objects(num_objects=n,
test_map_batches_block_bundling_auto(
test_fallback_when_spilling_impossible_on_put():
test_autoscaler_no_spam():
test_unit_pydantic_class_adapter():
test_reduce_result(ray_start_2_cpus,
test_push_based_shuffle_stats(ray_start_cluster):
test_multi_deployment_nodes(serve_instance):
test_workflow_lifetime_2(call_ray_start):
testValidateDefaultConfigAWSMultiNodeTypes(self):
test_actor_stdout():
test_capture_child_tasks(ray_start_cluster,
test_sac_multiagent(self):
test_pull_bundles_admission_control(shutdown_only):
test_reconstruction_stress_spill(ray_start_cluster):
test_no_http():
test_array_real_model(use_gpu):
test_destroy_group(ray_start_distributed_multigpu_2_nodes_4_gpus):
test_iter_rows(ray_start_regular_shared):
test_predict_multi_output():
testEmptyCheckpoint(self):
test_allreduce_multigpu_different_op(ray_start_distributed_multigpu_2_nodes_4_gpus):
test_tune_tensorflow_mnist_gpu(ray_start_4_cpus_4_gpus):
test.get("driver_setup",
test_pending_actor_removed_by_owner(ray_start_regular):
test_dataset_shard_with_only_local(self):
test_checkpoint_dag_skip_partial(workflow_start_regular_shared):
test_map_batch(ray_start_regular_shared,
testConvertNevergrad(self):
test_task_nested(shutdown_only):
test_replica_state_container_pop_max_replicas():
test_no_sync_down():
test_reconfigure_multiple_replicas(serve_instance,
test_protocol_version(init_and_serve):
testPauseAndStartTrivialBuffer(self):
test_groupby_map_groups_perf(ray_start_regular_shared):
test_mutually_exclusive_num_replicas_and_autoscaling_config(self):
test_file_path_to_module_path(self):
test_custom_arrow_data_serializer(ray_start_regular_shared,
test_object_store_memory_metrics_reported_correctly(shutdown_only):
test_dict_pandas_multi_column():
test_placement_group_synchronous_registration(ray_start_cluster):
test_cli(self):
test_inheritance(self,
testPerJobEnvVars()
test_failure_during_dependency_resolution(ray_start_regular):
test_placement_group_strict_pack(ray_start_cluster):
test_logged_info__red_pick_red_all_the_time():
test_get_actor_race_condition(shutdown_only):
testRerun(self):
test_validate_remote_invalid_extension(self):
test_uri_to_http_and_back():
test_case_ip_correct():
test_from_checkpoint():
test_check_env_step_incorrect_error(self):
test_init_requires_no_resources(call_ray_start_shared,
test_redirect(serve_instance,
test_to_numpy(ray_start_regular_shared):
test_usage_lib_get_total_num_nodes_to_report(ray_start_cluster,
testPauseUnpauseTrivialBuffer(self):
test_task_arguments_inline_bytes_limit(ray_start_cluster):
test_tail_job_logs(job_sdk_client):
test_log_monitor(tmp_path):
testSyncBetweenNodesAndDelete(self):
test_api_manager_summary_actors(state_api_manager):
test_trainable_syncer_custom_command(ray_start_2_cpus,
test_prefixsum_idx(self):
test_dataset.map_batches(
test_working_dir_valid(self):
test_stale_view_cleanup_when_worker_exits_complicated(monkeypatch,
test_many_placement_groups()
testConvergenceAx(self):
test_get_dict(ray_start_regular_shared):
test_dataset_stats_sort(ray_start_regular_shared):
test_sleep(workflow_start_regular_shared):
test_pettingzoo_pistonball_v4_policies_are_dict_env(self):
test_http_access_log(serve_instance):
test_del_actor_after_gcs_server_restart(ray_start_regular):
test_memory_release_lazy_shuffle(shutdown_only):
test_rllib_integration(ray_start_regular):
test_iter_batches_no_spilling_upon_no_transformation(shutdown_only):
test_csv_write(ray_start_regular_shared,
test_ray_start_non_head(call_ray_stop_only,
test_actor_failure_no_wait(ray_start_regular,
test_multiple_paths(self,
testConvergenceHEBO(self):
test_dataframe_optimize(mock_rewrite,
test_run_config(ray_start_2_cpus):
test_space_in_preferred_format(self):
test_ray_up_docker(configure_lang,
test_allreduce_multigpu_multiple_group(
test_placement_groups(shutdown_only):
test_new_version_deploy_throttling(mock_backend_state):
test_out_of_band_actor_handle_deserialization(shutdown_only):
test_recursive_resolve(ray_start_shared_local_modes):
test_plain(self):
test_convert_to_import_path(self,
test_horovod_torch_mnist_gpu(ray_start_2_cpus_2_gpus):
test_sleep_checkpointing(workflow_start_regular_shared):
test_custom_preprocessor(self):
test_full_module_path(self):
test_numpy_pandas_support_pandas_dataset(create_dummy_preprocessors):
test_unmatched_tensor_shape(ray_start_distributed_2_nodes_4_gpus,
test_unregistered_envs(self):
test_port_conflict(shutdown_only):
test_prepare_runtime_init_req_modified_job():
test_horovod_simple(start_client_server_2_cpus):
testBytes(byte[]
testWandbDecoratorConfig(self):
test_global_gc_actors(shutdown_only):
testGetOrCreateHeadNodePodman(self):
test_sendrecv(ray_start_distributed_2_nodes_4_gpus,
test_workflow_manager(workflow_start_regular,
test_get_rank(ray_start_single_node,
test_worker_start_failure(ray_start_4_cpus):
test_cloudwatch_agent_update_without_change_head_node(
test_submit_job_validation(ray_start_with_dashboard):
testBuildClusterBuildSucceed(self):
test_log_java_worker_logs(shutdown_only,
test_list_backends(serve_instance):
test_counter.pop(-1)
test_dict_checkpoint_dict(self):
test_require_packages():
testSearcherSaveRestore(self):
test_rows(self):
test_environment_variables_actor(ray_start_regular):
test_multi_agent_sample(self):
test_http_we_provide_default_route_prefix_func(serve_instance):
test_get_non_existing_named_actor(ray_start_regular_shared):
test_custom_rnn_state_values(self):
test_client_gpu_ids(call_ray_start_shared):
test_encode_plugin_uri():
test_deploy_basic(serve_start_shutdown):
testSampleBoundsBayesOpt(self):
test_map_batches_combine_empty_blocks(ray_start_regular_shared):
test_check_correct_env(self):
test_resource_requirements_none(mock_get_all_node_ids,
test_user_config_hashable():
test_conda_pip_extras_ray_serve(shutdown_only,
test_version_mismatch(ray_start_cluster):
test_arrow_variable_shaped_tensor_array_roundtrip():
test_window_by_bytes(ray_start_regular_shared):
test_deserialized_from_buffer_immutable(ray_start_shared_local_modes):
test_validate_datasets(ray_start_4_cpus):
test_ray_init_local_with_unstable_parameter(shutdown_only):
test_avoid_placement_group_capture(shutdown_only,
test_import_execution_trial_runner(logging_setup):
test_threaded_actor_api_thread_safe(shutdown_only):
test_tensor_array_reductions(ray_start_regular_shared):
test_invalid_memory_entry():
testRuntimeEnvAPI()
test_suite.items():
test_reduce_torch_cupy(ray_start_single_node_2_gpus,
test_reducescatter_different_array_size(ray_start_single_node_2_gpus,
test_numpy_to_numpy():
test_worker_startup_count(ray_start_cluster):
test_raylet_crash_when_get(ray_start_regular):
testRemoveMagicResults(self):
test_reconstruction_cached_dependency(ray_start_cluster,
test_host_standalone(serve_instance):
test_group_agents_wrapper(self):
test_run_after_user_error(ray_start_2_cpus):
testing::Bool());
test_warning_actor_waiting_on_actor(shutdown_only):
test_kill(ray_start_regular):
testDockerFileMountsRemoved(self):
test_syncer_sync_exclude(temp_data_dirs):
test_pbt_transformers(start_client_server):
test_counting_by_agent_steps(self):
test_tensors_in_tables_to_tf(ray_start_regular_shared,
test_cluster_interrupt_searcher(start_connected_cluster,
test_local_mode_gpus(save_gpu_ids_shutdown_only):
test_placement_group_actor_resource_ids(ray_start_cluster):
test_scaling_replicas_legacy(serve_instance):
test_stage_linking(ray_start_regular_shared):
test_uri_inherit(self):
test_horovod(ray_start_4_cpus):
test_logged_info__red_pick_blue_all_the_time():
test_spill_reconstruction_errors(ray_start_cluster,
testFileFree(self):
test_convert_image_df_to_tensor():
testNonDetached()
test_directory_traversal_attack(shutdown_only,
test_allgather_different_array_size(
test_transform_failure(shutdown_only):
test_decorator_task(ray_start_cluster_head):
testPlacementGroupRequestsWithActorReuse(self):
test_task_runner_perform_batch(serve_instance,
test_mark_used(self):
test_split_at_indices_simple(ray_start_regular_shared):
test_pull_request_retry(shutdown_only):
test_schema_peek(ray_start_regular_shared):
test_valid_ray_actor_options(self):
test_multi_modal_real_model():
testCategorical(self):
test_system_metric_endpoints(serve_instance):
test_path_partition_encoder_errors():
test_logs_manager_resolve_file(logs_manager):
test_object_valid(workflow_start_regular):
test_multi_instantiation_class_nested_deployment_arg_dag(serve_instance):
test.get("run",
test_start(ray_start_2_cpus,
testOptimize()
test_dynamic_res_updation_nodeid(ray_start_cluster):
test_object_transfer_during_oom(ray_start_cluster_head):
test_max_actors():
test_raydp_to_torch_iter(spark_on_ray_small):
test_sync_nodes_exclude_same_node(ray_start_2_cpus,
test_reuse_checkpoint(ray_start_2_cpus):
test_predictor_kwargs(serve_instance):
test_lazy_fanout(shutdown_only,
testForceTrialCleanup(self):
test_checkpoint_dag_skip_partial(workflow_start_regular):
test_proto(self,
test_re3_ppo(self):
test(use_preprocessor):
testSingleConcurrencyActor()
test_http_proxy_request_cancellation(serve_instance):
test_actor_distribution_balance(ray_start_cluster,
test_torch_prepare_dataloader(ray_start_4_cpus_2_gpus):
test_vector->end(),
test_get_accelerator_constructs_default_accelerator(session):
test_deprecations():
test_expiration_after_update(tracker:
test_e2e_basic_scale_up_down_with_0_replica(serve_instance):
test_hit_cache_size_limit(
test_tensors_sort(ray_start_regular_shared):
test_state_schema():
testDynamicScaling5(self):
test_trajectory(self):
test_deployment_init_error_logging(serve_instance,
test_put(ray_start_regular_shared):
test_global_tabular_min(ray_start_regular_shared,
test_pbt_function(start_client_server_2_cpus):
test_recovery_cluster_failure_resume_all(reset_workflow,
test_create_sg_different_vpc_same_rules(iam_client_stub,
test_asyncio_actor_with_large_concurrency(ray_start_regular_shared):
test_groupby_arrow_std(ray_start_regular_shared):
test_placement_group_gpu_set(ray_start_cluster,
test_memory_request():
test_split_small(ray_start_regular_shared,
test_handle_http_args(serve_instance):
test_marwil_loss_function(self):
test_config["run"].get("time_key",
test_get_info_basic(shutdown_only,
test_world_rank(session):
test_limit(shutdown_only):
test_create_node_returns_dict():
test_library_usages():
testReproducibilityBasicVariantGenerator(self):
test_arrow_variable_shaped_tensor_array_slice():
test_run(ray_start_4_cpus):
test_tensorflow_predictor_no_training(use_gpu):
test_nested_deployment_node_json_serde(serve_instance):
test_from_iterable(ray_start_regular_shared):
test_e2e_intermediate_downscaling(serve_instance):
test_initialization_hook(ray_start_2_cpus):
test_episodes_unit(self):
test_multi_driver_logging(ray_start_regular):
testCheckpointReuse(self):
test_mix_classes_and_functions(execution_mode,
testFileMountsNonContinuous(self):
test_run_failure(ray_start_2_cpus):
test_find_rel_checkpoint_dir(checkpoint_path,
test_flat_map(ray_start_regular_shared):
testCategoricalDtype(self):
test_gcs_aio_client_reconnect(
test_numpy_multi_dim_pandas():
test_basic_reconstruction_actor_constructor(
test_numpy_serialization(ray_start_regular):
test_slow_allocation_warning(serve_instance,
test_new_version_and_scale_down(mock_deployment_state):
test_fallback_allocation_failure(shutdown_only):
testConstantGridSearchBasicVariant(self):
test_delete_on_node(ray_start_2_cpus,
test_obs_preprocessor_connector(self):
test_load_balancing_with_dependencies(ray_start_cluster):
testResourceDeadlock(self):
test_disconnect_during_get():
test_warning_in_aggregate_results_preprocessors(
test_extra_fields_invalid_deployment_schema(self):
test_multi_instantiation_class_nested_deployment_arg_dag(serve_instance,
test_delete_fn_called(self):
test_event_after_arg_resolution(workflow_start_regular_shared):
test_to_dask(ray_start_regular_shared,
test_fit_train(ray_start_4_cpus):
test_fqe_model(self):
test_stacktrace():
test_automatic_cleanup_detached_actors(ray_start_cluster):
test_default_actor_lifetime(default_actor_lifetime,
test_output_local_ray():
test_multiple_routers(ray_cluster):
test_list_objects(shutdown_only):
test_image_folder_datasource_retains_shape_without_cast(
test_add_and_remove_nodes_for_driver_deployment(
test_arrow_pandas_support_pandas_dataset(create_dummy_preprocessors):
testUserCheckpointBuffered(self):
test_on_sub_environment_created(self):
testDownloadAndLoadPackage(FOO_ZIP_URL);
test_data.drop([LABEL],
test_agent_output_logdir(self):
testRegisterDurableTrainableTwice(self):
test_multi_dag_with_inputs(serve_instance):
test_validate_pip_valid_list(self):
test_valid_args_and_kwargs(self):
test_multi_stdout_err(file):
test_shuffle_multi_node(ray_start_cluster):
test_finish(ray_start_regular_shared):
testBestCheckpointsOnlyNan(self):
test_delete_backend(serve_instance):
test_ray_tabular_client():
test_groupby_map_groups_for_arrow(ray_start_regular_shared,
test_chaos_actor_retry(set_kill_interval):
test_placement_group_reschedule_when_node_dead(ray_start_cluster):
test_get_named_step_duplicate(workflow_start_regular):
test_workflow_lifetime_1(workflow_start_cluster):
test_best_model(best_trial)\n",
test_write_datasource(ray_start_regular_shared):
test_temp_create_sg_multinode(iam_client_stub,
test_basic_preregister(init_and_serve):
test_chaos_task_retry(ray_start_chaos_cluster):
test_simple_env_modification_plugin(ray_start_regular):
test_spilling_when_possible_on_put():
test_allreduce_multigpu_different_op(
test_allreduce_different_dtype(ray_start_distributed_2_nodes,
testAddCount()
test_tune_torch_get_device_gpu(ray_2_node_4_gpu,
test_grpc_client_credentials_are_passed_to_channel(monkeypatch):
test_arg_override(ray_start_4_cpus):
test_trainable.restore(checkpoint_path)
testUriCheckpointSerde(self):
test_bazel_sharding_optimal_too_many_shards(mock_build_dir,
test_workflow_error_message(shutdown_only):
testGetLastCheckpoint(self):
test_utils.get_error_message(e,
test_report_stats():
testCheckpointWithNoop(self):
test_disconnect_during_large_put():
testAddSum()
test_node_name_cluster(ray_start_cluster):
test_get_internal_block_refs(ray_start_regular_shared):
testReproducibility(self):
testFailResumeWithPreset(self):
test_pg_slots_ok():
test_job_head_choose_job_agent_E2E(mock_candidate_number,
test_cuda_visible_devices_multiple(ray_2_node_4_gpu,
test_update_routes(mock_longest_prefix_router):
test_set_global_experiment(self,
test_size(self,
test_external_redis():
test_reduce_different_name(ray_start_distributed_2_nodes_4_gpus,
testAsyncHBNonStopTrials(self):
test_parse_extra_usage_tags(monkeypatch):
test_api_manager_list_tasks(state_api_manager):
testPlacementGroupRequests(self,
test_dict_checkpoint_additional_files(self):
test_torch_amp_with_custom_get_state(ray_start_2_cpus):
test_tuner_fn_trainable_checkpoint_at_end_false():
test_shuffle_no_streaming():
testConvertSkOpt(self):
test_import_line_continuation(self):
test_element_spec_shape_with_tensors(self):
test_whether_worker_leaked_when_task_finished_with_errors(ray_start_regular):
test_arrow_size_add_block(ray_start_regular_shared):
test_user_configured_option_names(self,
test_restore_checkpoint(ray_start_2_cpus):
test_api_manager_list_actors(state_api_manager):
test_optimize_callable_classes(ray_start_regular_shared,
test_broadcast_torch_numpy(ray_start_distributed_2_nodes,
test_from_pandas_refs(ray_start_regular_shared):
test.remote(checkpoint_model,
test_namespace_in_job_config(shutdown_only):
test_concurrently_output(self):
test_python_global_event_logger(tmp_path):
testWithParameters(self):
test_export_dqn(self):
test_basic_dag_without_names_plot():
test_list_backends_legacy(serve_instance):
test_autoscaling_with_ensemble_nodes(serve_instance):
test_delete_objects(tmp_path,
test_get_nodes_respects_max_limit():
test_persisted_checkpoint(ray_start_2_cpus,
test_pg_multiagent(self):
test_log_metrics(self):
test_num_errors_terminated(tmpdir):
testScaleUp(self):
test_aio_publish_and_subscribe_error_info(ray_start_regular):
test_actor_pool_strategy_default_num_actors(shutdown_only):
test_batching_legacy(serve_instance):
test_actor_ready(actors)
testPlacementGroupDistributedTrainingWithActorReuse(self):
test_util_without_job_config(shutdown_only):
test_override_goals(mock_backend_state):
test_scalar_tensor_array_roundtrip():
test_get_locations(ray_start_regular):
test_multi_env_seed(self):
test_lockstep_mode(self):
test_valid_deployment_status_schema(self):
test_valid_extraction(self,
test_independent_mode(self):
test_merge_env_vars(self):
test_handle_hanging(serve_with_client):
test_agent_input_list(self):
test_indirect_inheritance_ok(self):
test_concurrent(self):
testNevergradBestParams(self):
test_filter_non_existent_column(state_api_manager):
test_read_text(ray_start_regular_shared,
test_tensor_array_block_slice():
test_scaling_config_validate_config_prohibited_class():
test_actor_stats_normal_task(ray_start_regular):
test_dataset_lineage_serialization_unsupported(shutdown_only,
test_redeploy_new_version(mock_backend_state):
test_client():
test_reconstruction_hangs(ray_start_cluster):
test_reset_workers_pendingFetchesFromFailedWorkersRemoved(self,
test_warn(fn):
testSynchPass(self):
testFindCreateClusterComputeExisting(self):
test_chain():
test.compute_single_action(
test_version_mismatch(error_pubsub,
test_info_string_verbose():
test_override_environment_variables_multitenancy(shutdown_only):
test_pandas_roundtrip(ray_start_regular_shared,
test_path_partition_encoder_hive(fs,
test_named_actor_refcount(ray_start_regular):
test_reuse_checkpoint(ray_start_4_cpus):
test_gcs_server_restart_during_actor_creation(ray_start_regular):
test_ssh_sync()
test_ray_start(configure_lang,
test_tensor_array_scalar_cast(ray_start_regular_shared):
test_logs(
test_parquet_read_partitioned_with_filter(ray_start_regular_shared,
test_prometheus_physical_stats_record(enable_test_module,
test_dict_array(self):
testVerboseReporting(self):
test_shutdown(session):
test_job_id_consistency(ray_start_regular):
test_broadcast_torch_cupy(ray_start_single_node_2_gpus,
test_sort_partition_same_key_to_same_block(ray_start_regular_shared):
test_loading_check():
test_delete_file_non_exists(shutdown_only,
test_connect_to_ray()
test_fastapi_features(serve_instance):
test_submit_job_with_exception_in_driver(job_sdk_client):
test_obj_store_cp_as_directory(self):
test_dataset_stats_union(ray_start_regular_shared):
test_has_observation_and_action_space(self):
testCustomTrialString(self):
test_worker_dying(ray_start_regular,
testDurableTrainableSyncFunction(self):
test_repartition_shuffle(ray_start_regular_shared):
test_multidimensional_multidiscrete_one_hot_preprocessor(self):
test_stop_job(self,
test_map_batches_actors_preserves_order(ray_start_regular_shared):
test_a3c_compilation(self):
test_groupby_map_groups_for_none_groupkey(ray_start_regular_shared,
test_leading_alphanumeric(self):
test_default_concurrency_group_does_not_block_others():
test_pip_with_env_vars(start_cluster):
test_command_runner_interface_abstraction_violation():
test_register_class(ray_start_2_cpus):
test_multi_agent_dict_invalid_sub_values(self):
test_invalid_working_dir(start_cluster):
test_run_or_resume_during_running(workflow_start_regular_shared,
test_wait(ray_start_regular):
test_future_resolution_skip_plasma(ray_start_cluster):
test_state_api_with_external_dashboard_override(
test_single_class_with_invalid_deployment_options(serve_instance):
test_actor_exit_from_task(ray_start_regular_shared):
test_mixed_kwargs(self):
testValidateDefaultConfigMinMaxWorkers(self):
test_find_latest_checkpoint_remote(tmpdir):
test_simple_function_node_json_serde(serve_instance):
test_list_get_actors(self,
test_check_bundle_index(ray_start_cluster):
test_experiment_id_env_var(self):
test_working_dir_in_child_invalid(self):
test_actor_stats_sync_actor(ray_start_regular):
test_py_modules_whl():
test_concurrency(33,
test_get_uri_for_package():
testMedianStoppingNanInf(self):
testActorTaskFastFail()
test_random_shuffle_with_custom_resource(ray_start_cluster):
test_recursion_factorial():
test_controller_starts_java_replica(shutdown_only):
test_return_nested_ids(shutdown_only):
test_multi_stdout():
test_remote_cancel(ray_start_regular,
test_many_placement_groups():
test_es_checkpoint_restore(self):
test_raise_on_missing_output_partial_failures(monkeypatch,
test_recovery_non_exists_workflow(ray_start_regular):
test_to_torch(ray_start_regular_shared):
test_recursively_return_borrowed_object_ref(
test_node_affinity_scheduling_strategy(ray_start_cluster,
testAllocateFreeResourcesWithIncreaseBy(self):
test_deprecated_locations(self):
testIsolationInTheSameNamespaces()
testLocalRefCounts()
test_torch_prepare_model_uses_device(ray_start_4_cpus_2_gpus):
test_placement_group_perf(num_pgs,
testGetTestAttrRegexFilters(self):
test_nondeterministic_task(ray_start_reconstruction,
test_workflow_queuing_1(shutdown_only,
test_split_at_indices_coverage(ray_start_regular_shared,
test_independent_mode_multiple_policies(self):
test_override_environment_variables_task(ray_start_regular,
test_pip_no_working_dir(ray_start):
test_reducescatter_torch_cupy(ray_start_distributed_multigpu_2_nodes_4_gpus):
test_output_on_driver_shutdown(ray_start_cluster):
test_scale_replicas(self,
test_checkpoint(ray_start_2_cpus):
test_no_input_node_as_init_args():
testTerminateUnhealthyWorkers2(self):
test_from_arrow(ray_start_regular_shared):
test_huggingface_checkpoint(tmpdir,
test_placement_group_gpu_assigned(ray_start_cluster,
test_submit_still_accepts_job_id_or_submission_id(job_sdk_client):
test_sync_string_invalid_local():
testPauseAndStartActualBuffer(self):
testBuildClusterEnvNotFound(self):
test_init():
test_original_space(self):
test_sync_timeout(tmpdir,
test_report_after_finish(session):
test_decorator_task(start_cluster):
test_one_hot(self):
test_serve_pipeline_chained_function_plot():
testWandbLoggerConfig(self):
test_large_object()
test_interrupt_ray_get(call_ray_stop_only):
test_fail_with_recover(ray_start_2_cpus,
test_multi_hot_encoder_with_max_categories():
testCFO(self):
test_parse_filter():
test_return_anonymous(self):
testLoadMessagesWithLightHeartbeat(self):
test_groupby_agg_name_conflict(ray_start_regular_shared,
test_concat(self):
test_worker_capping_kill_idle_workers(shutdown_only):
test_run_iterator(ray_start_2_cpus):
testRequestResourcesIdleTimeout(self):
test_decorator_task(start_cluster,
test_dedupe_cluster_failure(reset_workflow,
test_read_example_data(ray_start_regular_shared,
test_dedicated_cpu(controller_cpu,
test_actor_stats_threaded_actor(ray_start_regular):
test_single_char_words(self):
test_conda_input_filepath(tmp_path):
test_torch_get_device_dist(ray_2_node_4_gpu,
test_worker_creation_num_cpus(ray_start_2_cpus):
test_config.get("driver_setup",
test_remove_pending_placement_group(ray_start_cluster,
test_empty_dataframe():
test_pending_task_references():
test_ports_assignment(ray_start_cluster):
test_nested_tasks(shutdown_only):
test_autoscaling_0_replica(serve_instance):
test_appo_compilation_use_kl_loss(self):
test_deploy_app_update_timestamp(self,
test_causal_masking(self):
testFindAndWaitWheels(self):
test_unique():
test_arrow_size(ray_start_regular_shared):
test_updating_config(serve_instance):
test_invalid_unicode_in_worker_log(shutdown_only):
test_handle_inject_starlette_request(serve_instance):
test_default_batch_format(shutdown_only):
test.get("concurrency_group",
test_tensors_in_tables_to_tf_variable_shaped(ray_start_regular_shared,
test_shim(self):
testCallingCppFunction()
test_no_spurious_worker_startup(ray_start_cluster):
test_define_actor_within_actor(ray_start_10_cpus):
test_optimize_incompatible_stages(ray_start_regular_shared):
test_ray_actor_options_invalid_runtime_env(self,
testBackPressure()
test_uri(self):
test_partial(workflow_start_regular_shared):
test_batch_mapper_arrow_data_format(ds_with_expected_pandas_numpy_df):
testYieldSpecific(self):
testSessionStartStartupFailed(self):
testExploitWhileSavingTrial(self):
test_placement_group_stats(ray_start_cluster):
test_many_tasks(num_tasks=n)
test_default_namespace(shutdown_only):
test_delete_objects_multi_node(multi_node_object_spilling_config,
test_recovery_complex():
test_summary(tracker:
test_tensorflow_mnist(ray_start_4_cpus,
testPauseUnpauseActualBuffer(self):
test_sendrecv(
test_list_named_actors_detached(ray_start_regular):
test_best_model(analysis)
testCheckpointError(self):
test_torch_model_prediction_target(self):
test_broadcast_different_name(ray_start_single_node_2_gpus,
test_errors(enable_test_module,
test_hooks(self):
testSampleBoundsHEBO(self):
test_recursive_actor():
test_manager(workflow_start_regular,
test_checkpoint_success_by_http(workflow_start_regular_shared_serve):
test_list_get_objects(shutdown_only):
test_basic_merge(self):
test_apex_ddpg(self):
test_random_sample(ray_start_regular_shared):
test_client_deprecation_warn():
testRaiseErrorNoAutoscaler(self):
test_pip_requirements_files(tmpdir:
test_raw_storage(workflow_start_regular):
test_agent_cls.__new__(test_agent_cls))
test_client_connect_to_tls_server(use_tls,
test_preprocess_datasets_context(ray_start_4_cpus):
test_deploy_async_class_no_params(serve_instance):
test_connect_to_ray(monkeypatch,
test_tracing_predefined_actor(cleanup_dirs,
testSetMaxConcurrency(self):
test_basic(tracker:
testBlankCheckpoint(self):
test_dataset_retry_exceptions(ray_start_regular_shared,
test_for_each_concur(ray_start_regular_shared):
test_cli_apis_sanity_check(ray_start_cluster):
testing::Values(BundlePriority::GET_REQUEST,
test_node_name_in_raylet_death():
test_sampled_action_contained(self):
test_broadcast_invalid_rank(ray_start_single_node_2_gpus,
test_tune_checkpoint(ray_start_2_cpus):
test_rewrite_simple_shuffle_layer(ray_start_regular_shared):
test_groupby_tabular_sum(
test_node_info(ray_start_with_dashboard):
testDynamicScaling6(self):
test_get_collective_group_size(ray_start_distributed_2_nodes_4_gpus,
test_get_world_size(ray_start_distributed_2_nodes,
test_predict_feature_columns(model):
test_shared_deployment_handle(serve_instance):
test_objectref_inputs_exception():
test_feat_importance_cartpole(self):
test_routes_endpoint(serve_instance):
test_array_error(self):
test_task_unlimited():
test_extra_fields_invalid_serve_application_status_schema(self):
test_job_isolation(call_ray_start):
test_callsite_warning(callsite_enabled,
test_groupby_simple_max(ray_start_regular_shared):
test_dashboard_port_conflict(ray_start_with_dashboard):
testPointsToEvaluateOptuna(self):
test_wait_no_extra_checkpoint(workflow_start_regular):
testMlFlowMixinConfig(self):
test_environment_variables_complex(shutdown_only):
test_placement_group_spread_best_effort(ray_start_cluster):
test_deployment_properties():
test_launch_templates(ec2_client_stub,
test_nested_multidiscrete_one_hot_preprocessor(self):
test_options():
testPBTNanInf(self):
testFindRayWheelsPRRepoBranch(self):
test_fsspec_filesystem(ray_start_regular_shared,
test_delete_file(self):
test_prefix_match(mock_longest_prefix_router):
test_get_node_info_after_raylet_died(ray_start_cluster_head):
test_two_dags_shared_instance(serve_instance,
test_cloudwatch_dashboard_update_head_node(
test_bad_envs(self):
test_error_msg():
test_deploy_with_consistent_constructor_failure(mock_deployment_state):
test_redeploy_no_version(mock_deployment_state):
test_gcs_check_alive(fast_gcs_failure_detection,
test_max_failures(ray_start_2_cpus):
test_torch_fashion_mnist_gpu(ray_start_4_cpus_2_gpus):
test_log_system(self,
test_worker_failure_checkpoint(ray_start_2_cpus):
test_placement_group_wait(ray_start_cluster,
test_run_or_resume_during_running(ray_start_regular_shared):
test_get_concurrent_resource_demand_to_launch_with_upscaling_speed():
test_backend_worker_memory_growth(serve_instance):
test_epoch(dataloader,
test_torch_fashion_mnist(ray_start_4_cpus):
test["run"].get("prepare",
test_handle_cache_out_of_scope(serve_instance):
test_new_version_deploy_throttling(mock_deployment_state):
test_non_ray_modules():
test_dataset_lineage_serialization(shutdown_only,
test_custom_metrics_default_tags(metric_mock):
test_user_logs(serve_instance):
testDownloadDefaultLocal(self):
test_merge_dict():
test_a2.get_other_args_to_resolve()["prev_class_method_call"]
test_reproducibility_dqn_cartpole(self):
test_resume_different_storage(shutdown_only,
test_random_block_order(ray_start_regular_shared):
test_job_gc(call_ray_start):
test_parse_resource_demands():
test_my_module():
test_list_jobs_empty(headers,
testRaiseErrorNoAutoscaler(self,
test_inference_batches_are_grouped_by_policy(self):
test_address(self,
test_import_execution_checkpoint_manager(logging_setup):
test_tensorflow_checkpoint():
test_wait_recursive(workflow_start_regular_shared):
test_placement_group_remove_stress(ray_start_cluster,
test_multiple_steps():
test_gcs_server_restart(ray_start_regular):
test_remove_placement_group_worker_startup_slowly(ray_start_cluster):
testPythonVersionDefaultCPU(self):
test_import_path_deployment_decorated(self,
test_passing_handle(serve_instance):
test_load_balancing(ray_start_cluster):
test_len(ray_start_regular_shared):
test_td3_fake_multi_gpu_learning(self):
test_wf_run(workflow_start_regular_shared,
test_local_reference():
test["cluster"].get("cloud_id",
test_resources(ray_start_4_cpus):
test_is_group_initialized(ray_start_distributed_multigpu_2_nodes_4_gpus):
test_no_node_name():
test_actor_owner_node_dies_before_dependency_ready(ray_start_cluster):
test_log_pid_with_hex_job_id(ray_start_cluster):
test_ray_shutdown(shutdown_only):
test_per_task_runtime_env(job_sdk_client:
test_get_num_cpus(
test_captured_object_id_reference():
test_view_requirement_connector(self):
test_a1.get_args()[0].get_options().get("name")
test_http_proxy_fail_loudly():
test_kill_job_actor_in_before_driver_finish(self,
test_actor_method_options():
test_upscale_downscale_delay():
test_dict_defaults_ray_actor_options(self):
test_allgather_torch_cupy(ray_start_distributed_multigpu_2_nodes_4_gpus):
test_submit_stderr(self,
testSyncRemoteTaskOnlyDifferencesOnDifferentNodes(self):
test_reducescatter_different_array_size(
test_healthz_agent_1(ray_start_cluster):
test_http_reconfigure_non_default_route_prefix_on_root(serve_instance):
test_name.startswith("tune_"):
test_predict_set_cpus(ray_start_4_cpus):
test_uri_caching(
test_transform(ray_start_regular_shared):
test_delete_deployment(serve_instance):
testZipPackageForTask()
testTestCommandFails(self):
test_unmatched_tensor_shape(ray_start_single_node,
test_working_dir_inherit(self):
test_with_resources_class_method(ray_start_2_cpus_2_gpus,
test_batchpredictor_runtime(
test_remote_package_uri(start_cluster,
test_allgather_different_array_size(ray_start_single_node,
test_node_failure_detector_when_gcs_server_restart(ray_start_cluster_head):
test(self,
test_tf_non_distributed(ray_start_2_cpus):
test_multi_modal_real_model(use_gpu):
test_log_proxy(ray_start_with_dashboard,
test_add_deployment_repeat_name(self):
test_startup_error_yields_clean_result(shutdown_only):
test_ray_debugger_breakpoint(shutdown_only):
test_simple_split_tokenizer():
test_torch_get_device_dist(ray_2_node_2_gpu,
test_dataset_pipeline_split_stats_basic(ray_start_regular_shared):
test_requirements_files(start_cluster,
test_is_group_initialized(ray_start_distributed_2_nodes,
test_refresh_controller_after_death(shutdown_ray,
testProviderException(self):
test_job_config_conda_env(conda_envs,
test_migration_checkpoint_removal(start_connected_emptyhead_cluster,
test_override_environment_variables_nested_task(ray_start_regular):
test_basic_workflow_logs(workflow_start_regular):
test_get_named_task_output_running(workflow_start_regular,
test_numpy_pandas(cast_tensor_columns):
test_leading_and_trailing_underscores(self):
test_broadcast_different_array_size(ray_start_distributed_2_nodes,
test_recovery_cluster_failure():
test_groupby_simple(ray_start_regular_shared):
test_failure_when_initializing(shutdown_only):
test_push_error_to_driver_through_redis(ray_start_regular,
test_concurrent_get(ray_start_regular_shared):
test_batch_mapper_numpy_data_format(ds_with_expected_pandas_numpy_df):
test_serve_application_invalid_runtime_env(self,
test_dataset.map_batches(convert_batch_to_pandas)\n",
test_metrics_agent_proxy_record_and_export_basic(get_agent):
test_drop_columns(ray_start_regular_shared,
test_to_torch(ray_start_regular_shared,
test_arrow_block_select():
test_workers_fatal_but_recover(self):
test_run_on_all_workers(call_ray_start,
test_unsupported_remote():
test_working_dir_deploy_new_version(ray_start,
test_prefixsum_idx2(self):
test_failed_and_resumed_workflow(workflow_start_regular,
test_read_binary_snappy_partitioned_with_filter(
test_depends_on_file(graph:
test_force_kill(mock_deployment_state):
test_directory(self):
test_random_shuffle_check_random(shutdown_only):
test_tune_torch_get_device_gpu(num_gpus_per_worker,
test_numpy_pandas_support_transform_batch_wrong_format(create_dummy_preprocessors):
test_network_partial_failures(ray_start_cluster):
test_max_actors()
test_best_result_checkpoint_history(ray_start_2_cpus):
test_dr_random_policy_mixed_data(self):
test_limit(ray_start_regular_shared,
test_asgi_compatible(serve_instance):
test_epoch(
test_read_text_partitioning(ray_start_regular_shared,
test_empty_dataset(ray_start_regular_shared):
testIsolation(Runnable
testing::JoinPaths(GetUserTempDir(),
test_list_get_workers(shutdown_only):
test_job_eager_install(shutdown_only):
test_return_nested_ids(ray_start_regular):
test_unflatten_list_dict_one_level_nested(self):
test_internal_kv(ray_start_regular):
test_max_concurrent_in_progress_functions(extra_req_num):
test_basic_stop(self,
test_bootstrap_address(job_manager,
test_workflow_storage(workflow_start_regular):
test_traj_view_next_action(self):
test_run_get_ingress_app(serve_instance):
testAttrPath(self):
testPlacementGroupDistributedTraining(self):
test_namespace_client():
test_get_serve_status(shutdown_ray):
test_delete_objects_delete_while_creating(tmp_path,
test_dont_persist_memory_checkpoints():
test_gpu_info_parsing():
test_fs_checkpoint_obj_store(self):
test_impala_fake_multi_gpu_learning(self):
test_agg_errors(ray_start_regular_shared):
test_multiple_pip_installs(start_cluster,
testReplay(self):
test["run"].get("file_manager",
test_validate_submission_id(self):
test_fs_checkpoint_uri(self):
test_check_health_version_check():
test_horovod_state_dict(ray_start_4_cpus):
test_unused_epoch(ray_start_regular_shared):
test_limit_no_redundant_read(ray_start_regular_shared,
test_sliding_window():
test_logs(enable_test_module,
test_placement_group_client_option_serialization():
test_reconfigure_with_queries(serve_instance):
test_vr_connector_shift_by_one(self):
test_flatten_inputs_to_1d_tensor(self):
test_csv_write_block_path_provider(
test_unroll(self):
test_get_assigned_resources(ray_start_10_cpus):
test_put_error1(ray_start_object_store_memory,
test_basic():
testSpecifyZeroCPU()
test_worker_exit_after_parent_raylet_dies(ray_start_cluster):
test_window(ray_start_regular_shared):
test_config.get("app_env_vars")
testKillActor(BiConsumer<ActorHandle<?>,
test_ignore_reinit(call_ray_start_shared,
test_csv_write_block_path_provider(ray_start_regular_shared,
test_usages_stats_available_when_dashboard_not_included(
test_dataset(workflow_start_regular):
test_ray_dask_basic(ray_start_regular_shared):
test_simple_dataset_raises_error(self):
test_limit_no_num_row_info(ray_start_regular_shared):
test_multi_cli_threading(call_ray_start):
test_override_env_vars(self):
test_task_retry_mini_integration(ray_start_cluster):
test_task_runner_perform_batch(serve_instance):
test_replica_state_container_count():
test_decode_plugin_uri():
test_port_app(self,
test_tensorflow_start(ray_start_2_cpus,
test_num_clients(shutdown_only):
test_objectref_inputs():
test_serialize_app_pydantic_type_closure_ref(start_ray):
test_groupby_simple_multilambda(ray_start_regular_shared,
test_initialized_local_mode(shutdown_only_with_initialization_check):
