tester.mean_squared_error(test_labels,
test_euler_project():
test_rabin_karp()
test_insert_delete()
test_put(self)
test_get_max_label(self)
test_empty(self)
test_zeroVector(self)
test_hand_sorted():
test_gamma()
tests.items())
test_power_iteration()
testmod(verbose=True)
test_singly_linked_list()
test_copy(self)
test_insert()
test_doubly_linked_list()
test_add(self)
test_determinant(self)
testMatchHashes(self):
test_null_max_weight(self):
testmod()
test_cofactor(self)
test_circular_linked_list()
test_singly_linked_list_2()
test1()
test_all_segments()
test_unit_basis_vector(self)
test_insert_and_search()
test_project_euler(subtests,
test_negative_max_weight(self):
test_instagram_user(username:
test_vector()
test_str(self)
test_base_case(self):
test_component_matrix(self)
test_changeComponent_matrix(self)
test_multiple_calls_five_high_straight():
test_custom_sort_five_high_straight():
test_minor(self)
test_prim_successful_result():
test_hand_is_straight(hand,
test_compare_simple(hand,
test_kruskal_successful_result():
test_conjugate_gradient()
testmod(name="run_length_decode",
test_square_zero_matrix(self)
test_mul(self)
test_motion()
test__sub__matrix(self)
test_floor_ceil()
test_preorder_traversal(self)
testmod(name="avgpooling",
test_sub(self)
test_insertion_speed()
test_easy_case(self):
test_squareZeroMatrix(self)
test_component(self)
test_match_hashes(self)
test_euclidLength(self)
test_disjoint_set()
test_remove(self)
test_tree_traversal()
test_negative_weight_value(self):
test_unequal_list_length(self):
test_axpy(self)
test_hand_is_five_high_straight(hand,
test_get_min_label(self)
test_stack()
test_negative_profit_value(self):
test__mul__matrix(self)
test_changeComponent(self)
test_euclidean_length(self)
test_nearest_neighbour(
test_end_to_end(msg:
test_trie()
test_datagen.flow_from_directory(
test_compare_random(hand,
test_instagram_user()
test_miller_rabin()
test_unitBasisVector(self)
test_tree_chaining()
test_str_matrix(self)
test_local_binary_pattern():
test_hand_is_same_kind(hand,
test_rotations()
test_inorder_traversal(self)
test_size(self)
test2()
test_hand_is_flush(hand,
test_y.append(test_data[i
test_send_file_running_as_expected(file,
test_remove_2(self)
test_sorted(self):
test_change_component_matrix(self)
test_exists(self)
test_improper_b_c_dimensions(self)
test_change_component(self)
test_fetch_github_info(monkeypatch):
test_improper_a_b_dimensions(self)
testmod(name="run_length_encode",
test_solutions()
test_hand_values(hand,
test_search(self)
test_zero_vector(self)
test_x.append(test_data[i
test_project_euler(solution_path:
test_is_empty(self)
test_schur_complement(self)
test__add__matrix(self)
test_knapsack(self):
test_min_max()
test_determinate(self)
