test_get_safe_url_py_gt_387(self,
test_validate_should_validate_a_single_field(self):
test_session_not_created_on_health_endpoint_request(self):
test_security_context(self):
test_should_respond_200_with_order_by(self,
test('LinkButton
test_get_one_custom_backend_no_use_orm_deserialize_value(self,
test_custom_policy(self):
test_adopt_or_reset_orphaned_tasks_backfill_dag(self):
test_should_response_200_dag_ids_filter(self,
test_mapped_dag(self,
test_get_conn_direct_session_access(self,
test_get_template_client_region(self,
test_create_dagrun_execution_date_with_timezone_utc(self):
test_service_account_custom_names(self):
test_downgrade_invalid_combo(self,
test_dag_file_processor_sla_miss_callback_invalid_sla(self):
test_should_support_metadata_credentials(self,
test_delete_dag_run_and_task_instance_does_not_raise_error(self):
test_should_respond_200_text(self):
test_missing_credentials(self):
test_update_pipeline(hook:
test_get_dagrun_can_view_dags_without_edit_perms(session,
test_on_failure_callback(self,
test_wildcared_directory(self):
test_find_executable_task_instances_concurrency(self,
test_copy_db_cluster_snapshot_no_wait(self,
test_trigger_failing(session):
test_merge_create_task_parameters_specified_project_overrides_default_workspace(self):
test_nodegroup_compute_missing_nodegroup_role_arn(self):
test_missing_scheduler(self,
test_integer_fields_are_set(self,
test_execute_with_replace(self,
test_check_dependencies_imports(self,
test_from_json_conn_type(self,
test_map_xcom(self,
test_process_form_extras():
test_get_numeric_matches(self,
test_start_go_pipeline_without_go_installed_raises(self,
test_log_groomer_collector_can_be_disabled(self):
test_execute_multiple(self,
test_hook_run_query_with_token(self,
test_http_headers(
test_set_context_not_raw(self,
test_conn_insecure_ssl_without_port(self,
test_delete_factory(hook:
test_copy_with_target_credential(self):
test_should_create_a_worker_deployment_with_the_celery_kubernetes_executor(self):
test_non_complete_service_raises_error(self,
test_s3_copy_object_arg_combination_2(self):
test_volume_mount():
test_hook_uses_legacy_sql_by_default(self,
test_sas_token_connection(self,
test_execute_datasources_blocking(self,
test_merge_create_task_parameters_default_project(self):
test_custom_formatter_default_format(task_instance):
test_client.auth.ldap.login.assert_called_with(username="user",
test_table_exists_raise_exception(mock_get_table_client):
test_xcom_pass_to_op(self,
test_secrets_backends(self):
test_auth_type_file_overrides(self):
test_view_works_with_deleted_tasks(request,
test_run_pooling_task_with_mark_success(self,
test_bigquery_get_data_trigger_serialization():
test_dag():
test_get_conn_with_password_without_port_schema(
test_should_respond_200_with_schedule_interval_none(self,
test_get_token_with_token_only(self):
test_set_machine_type_with_templates(self,
test_webserver_config_configmap(self):
test_xcom_get_many_single_argument_value(self,
test_read_with_match_phrase_query(self,
test_delete_transfer_job(self,
test_labels(self):
test_ti_xcom_pull_on_mapped_operator_return_lazy_iterator(mock_deserialize_value,
test_updates_deprecated_session_timeout_config_val_when_new_config_val_is_default(self):
test_bash_operator(self,
test_do_schedule_max_active_runs_dag_timed_out(self,
test_provide_session_with_kwargs(self):
test_mapped_skip_upstream_not_deadlock(dag_maker):
test_get_uri_bolt_trusted_ca_scheme(self):
test_invoke_local_context(self,
test_trigger_job_run_with_overrides(self,
test_pip_dependencies_conflict(self):
test_handle_limit_and_offset(self,
test_update_table_schema_without_policy_tags(self,
test_no_models_missing(self):
test_start_python_dataflow_with_custom_region_as_parameter(
test_limit_ranges_template(self):
test_validate_should_fail_if_there_is_no_nested_field_for_union(self):
test_bulk_facebook_report_multiple_account_id(self,
test_approle_uri(self,
test_construct_pod(self,
test_unmapped_map_index_should_return_404(self,
test_dry_run(self,
test_renew_from_kt(self,
test_db_instance_snapshot_poke_false(self):
test_should_add_extraEnvs(self):
test_create_or_update_secret_v1(self,
test_get_connection_second_try(self,
test_args(self,
test_should_respond_200_with_update_mask(self,
test_pod_delete_even_on_launcher_error(self,
test_serialze(self,
test_find_executable_task_instances_order_priority(self,
test_hook(self):
test_arg_checking(self,
test_cancel_queries(self,
test_receive_message_exception(self,
test_insert_rows(self,
test_asana_find_task_operator(self,
test_start_python_dataflow(self,
test_use_threads_set_value(self):
test_get_project(self,
test_template_with_variable_missing(self,
test_run_get_serialized_dag_fallback(self,
test_clear_task_instances_external_executor_id(self):
test_queue_task_instance(self,
test_offline_upgrade_version(self,
test_stackdriver_enable_notification_channel(
test_dag_with_system_exit(self):
test_not_recorded_for_unused(self,
test_instance_create_ex_if_param_missing(self,
test_get_file_id_when_no_file_exists(self,
test_hook(self)
test_health(request,
test_yaml_extension_parsers_return_same_result(self,
test_task_dag_id_equals_filter(admin_client,
test_find_executable_task_instances_backfill(self,
test_should_response_200_with_tilde_and_access_to_all_dags(self):
test_run_raises_when_theres_no_dagrun(self,
test_clean_unused(session,
test_task_group_edge_modifier_chain():
test_fails_if_arg_not_set(self):
test_approle_different_auth_mount_point(self,
test_set_dag(self,
test_jinja_rendering(self,
test_get_hook_default(self,
test_kubernetes_optional():
test_ssh_connection_with_no_host_key_check_true_and_allow_host_key_changes_false(self,
test_sql_sensor_hook_params(self):
test_return_correct_results_with_order_by(self,
test_xcom_get_one_enable_pickle_type(self):
test_param_non_json_serializable(self):
test_backfill_ordered_concurrent_execute(self,
test_change(self,
test_job_no_awslogs_stream(self):
test_basic_deployment_without_default_users(self):
test_execute_with_result_retry(self,
test_call_decorated_multiple_times(self):
test_wait_for_crawler_completion_instant_ready(self,
test_check_docker_version_too_low(mock_console,
test_check_success_tasks_raises_cloudwatch_logs_empty(self):
test_conn_insecure_ssl(self,
test_create_event_override(self,
test_valid_ssh_hook(self,
test_dag_serialization_to_timetable(self,
test_refresh_all(self):
test_dag_id).update({'dag_id':
test_update_strategy(self):
test_invalid_job_run_status(self,
test_delete_cluster_without_wait_for_completion(self,
test_cli_upgrade_failure(self,
test_filter_by_datetimes(self,
test_semi_complex(self):
test_get_all_roles_with_permissions(self):
test_get_default_client(
test_run_after(appflow_conn,
test_basic_kubernetes(dag_maker,
test_get_tables(self):
test_get_text_artifact_with_step(self,
test_should_respond_200_default_limit(self):
tests_to_run_sequentially.append(test_type)
test_enable_scheduler_health(
test_xcom_get_one_with_execution_date(self,
test_run_should_fail_if_enc_fn_is_not_callable(self):
test_get_conn_params_env_variable(self):
test_send_file_processing_statsd_timing(self,
test_poke_valid(self,
test_poke_running(self,
test_ssh_connection_with_timeout_extra_and_conn_timeout_extra(self,
test_parse_timestamp_should_convert_regular_timezone_to_unix_timestamp(self):
test_response_200(self,
test_function():
test_execution_subprocess_limited_parallelism(self):
test_aws_iam_dejson(self,
test_command_and_args_overrides_are_templated(self):
test_statsd_configmap_by_default(self):
test_should_get_list_variables(self,
test_reset_orphaned_tasks_specified_dagrun(self):
test_should_add_env_for_gitsync(self):
test_basic_deployment_without_default_users(self,
test_adopt_or_reset_orphaned_tasks_stale_scheduler_jobs(self):
test_get_conn_extra(self):
test_get_conn_with_schema(self,
test_get_logs_with_metadata_success(request,
test_table_unloading_role_arn(
test_search_uri_pattern(self,
test_failed_start_application(self,
test_variables_isolation(self):
test_build_task_group_with_task_decorator():
test_list_job_run_artifacts_with_payload(self,
test_permissions_work_for_dags_with_dot_in_dagname(
test_sub_dag_task_group():
test_redis_resources_are_configurable(self):
test)).lower()
test_dataset_dagruns_triggered(session):
test_generate_config_file(self,
test_should_set_sqlalchemy_engine_options(self):
test_check_active_user(app,
test_serialzie(self,
test_log_groomer_collector_default_retention_days(self):
test_dag_details_trigger_origin_dag_details_view(app,
test_get_cluster_client_region(self,
test_pool_import_nonexistent(self):
test_with_default_role(self,
test_check_for_timedout_adopted_tasks(self,
test_create_user_job_resources_are_configurable(self):
test_get_project_id_from_service_account_email_wrong_input(self):
test_adopt_or_reset_orphaned_tasks(self):
test_serialized_dag_is_updated_if_dag_is_changed(self):
test_interval_check_for_success(self):
test_invalid_payload(self,
test_get_autocommit_should_return_autocommit_state(self,
test_cancel_job_run(hook:
test_dag_stats_success(client_all_dags_dagruns):
test_get_token_with_out_token_nor_slack_conn_id(self):
test_delete_cluster_returns_deleted_cluster(
test_basic_docker_operator_multiple_output(self,
test_short_circuiting(
test_delete_build_trigger(self,
test_list(app,
test_serialized_dag_is_updated_only_if_dag_is_changed(self):
test_custom_mount_point(self,
test_run_example_dag_azure_fileshare_to_gcs(self):
test_create_single_node_cluster(self,
test_get_blobs_list(self,
test_get_accessible_dag_ids(app,
test_python_sensor_true(self,
test_export_to_file(self):
test_send_mime_complete_failure(self,
test_search_tickets(self):
test_start_replication_task(self,
test_radius_port(self,
test_as_dict_display_sensitivewith_command_from_env(self,
test_mapped_reschedule_handling(self,
test_conf.read_dict(conf_dict)
test_get_secret_value_not_found(self,
test_execute_with_only_key(self):
test_get_existing_key_v2(self,
test_should_add_extra_volume_and_extra_volume_mount(self):
test_bigquery_table_partition_exists_true(self,
test_prediction_client(self,
test_mapped_mixed__literal_not_expanded_at_create(dag_maker,
test_version_one_init(self,
test_poke_mode_only_bad_poke(self):
test_create_cluster_already_exists(self,
test_default_valid_and_sep(self,
test_filter_dags_by_dag_id_works(self,
test_check_operators(self,
test_object(self):
test_should_response_200_with_doc_md_none(self,
test_get_task(self,
test_should_response_200_on_patch_is_paused(self):
test_process_executor_event_missing_dag(self,
test_set_volume_claim_to_existing_claim(self):
tests_require.append('pytest-aiohttp')
test_submit_event(session):
test_github_init_params(self,
test_log_groomer_resources(self):
test_proto_functions(self):
test_import_variables_form_shown(app,
test_bulk_write_to_db_max_active_runs(self):
test_conn_with_extra_parameters_false_look_for_keys(self):
test_exec(self,
test_render_log_filename(self,
test_invoke_cmdlet(self,
test_test_test_read_log_stream_should_read_one_try(self):
test_get_conn_jwt_auth(self,
test_reschedule_mode_not_allowed(self):
test_execute_no_records(self,
test_overwrite_params_with_dag_run_conf(self,
test_get_uri_password_none(self):
test_should_respond_406(self,
test_patch_instance_with_in_progress_retry(
test_on_kill_with_query(self,
test_keep_alive_enabled(self):
test_execute_xcom_disabled(self):
test_userpass_init_params(self,
test_filter_dags_by_tags_works(self,
test_clear_task_instances(self,
test_get_conn_without_port_schema(
test_radius_dejson_wrong_port(self,
test_complex_taskgroup_dag():
test_variable_update_fails_on_non_metastore_variable(self):
test_run_command_daemon(self,
test_get_conn_ip_filtering_auth(self,
test_retries_on_other_exceptions(self,
test_task_exit_should_update_state_of_finished_dagruns_with_dag_paused(self):
test_order_by_raises_for_invalid_attr(self):
test_dag_loaded(dagbag):
test_copy_with_validate_N_rows(self):
test_connection_with_tls(
test_clear_task_instances_without_dag(self,
test_yaml_file_should_load_connection_extras(self,
test_no_credentials(self):
test_get_conn_uri(self,
test_check_and_change_state_before_execution_dep_not_met_not_runnable_state(
test_following_schedule_relativedelta(self):
test_cancel_workflow_invocation(self,
test_post_should_respond_200(self,
test_poke_creating(self,
test_validate_should_raise_exception_name_attribute_is_missing_from_specs(self):
test_affinity_tolerations_topology_spread_constraints_and_node_selector_precedence(self):
test_outlet_datasets(self,
test_update_tickets(self):
test_bigquery_get_data_trigger_terminated(mock_job_status,
test_show_dag_dependencies_save(self,
test_connection_extra_arguments(self,
test_updating_cluster_but_instance_does_not_exists_empty_project_id(self,
test_run_without_schema(self,
test_get_media_request(self,
test_process_form_extras_updates(mock_pm_hooks,
test_init_hook(self,
test_filter_out_none():
test_run_load_default(self,
test__get_upstream_dataset_events_with_prior(configured_app,
test_reschedule_with_test_mode(self,
test_run_example_local_to_adls(self):
test_should_read_logs(self,
test_find_executable_task_instances_order_execution_date(self,
test_create_alert_api_key_not_set(self):
test_email_alert.expand(x=["a",
test_get_event_buffer():
test_import_error_tracebacks_zip(self):
test_delete_dag_button_for_dag_on_scheduler_only(admin_client,
test_get_job_deprecation_warning(self,
test_extra_link_in_gantt_view(self):
test_serialized_dag_errors_are_import_errors(self,
test_dag.iter_dagrun_infos_between(
test_callproc_out_param(self):
test_variables_get(self):
test_deserialize_non_existent_model_file(self,
test_end_date_gte_lte(self,
test_should_support_user_credentials_from_gcloud(self,
test_task_mapping_with_dag():
test_extra_link_in_gantt_view(dag,
test_update_non_existing_var_should_raise_key_error(self):
test_process_executor_events_uses_inmemory_try_number(self,
test_list_jobs(self,
test_pod_name_required(self):
test_full_pod_spec_kwargs(self,
test_get_available_fields(self,
test_should_return_max_if_req_above(self,
test_run_example_dag_memorystore_redis(self):
test_delete_pod_successfully(
test_hook_should_support_pass_auth(self,
test_custom_trigger_reason(self,
test_get_autocommit_mysqldb(self):
test_big_query_sensor_async_execute_complete_event_none(self):
test_instance_check_works_for_provider_derived_hook(self):
test_workers_update_strategy(self):
test_roles_delete(app,
test_run_load_with_non_csv_as_src_fmt(self,
test_test_filters_secrets(self,
test_execute_missing_object_name(self):
test_should_send_message_if_chat_id_is_provided_through_constructor(self,
test_validate_should_raise_exception_if_optional_clause_is_false_and_field_not_present(self):
test_conf.getboolean('false',
test_hook_get_paginator_with_non_succeeded_query(self,
test_stop_replication_task(self,
test_no_redirect_to_deprecated_classes(self):
test_import_variables_failed(session,
test_submit_failure(session,
test_conf.getsection('kubernetes_environment_variables'),
test_config.update({'broker_url':
test_execute_json(self,
test_topological_sort1():
test_task_stats_failure(dag_test_client):
test_get_host_os():
test_serve_logs_on_worker_start(self,
test_get_conn_returns_a_boto3_connection(self):
testsuite.findall('.//testcase[failure]'):
test_conn_kerberos_ssl(
test_cli_connections_import_should_return_error_if_file_format_is_invalid(
test_delete_topic_not_exists(self,
test_get_logs_with_metadata_failure(dag_faker_client):
test_kubernetes(self,
test_tunnel_with_private_key_ecdsa(self,
test_graph_view_doesnt_fail_on_recursion_error(app,
test_xcom_get_one_get_many(self,
test_operator_expand_serde():
test_remove(self,
test_task_render(self):
test_get_credentials_and_project_id_with_mutually_exclusive_configuration(self,):
test_get_pipeline_run(hook:
test_execute_salesforce_bulk_upsert(self,
test_not_found(client):
test_get_logs_with_metadata_as_download_large_file(_,
test_response_404(self):
test_copy_with_expression(self):
test_hook_poll_query_with_timeout(self,
test_dagrun_timeout_callbacks_are_stored_in_database(self,
test_get_conn_authorize_using_instance_metadata_append_ssh_keys(
test_set_context_w_json_format_and_write_stdout(self,
test_airflow_pod_annotations(self):
test_import_error_record_is_updated_not_deleted_and_recreated(self,
test_order_by(self,
test_pipe_full_deadlock(self,
test_download_as_bytes(self,
test_capacity_argument(
test_get_or_create_glue_job(self,
test_should_support_service_account_from_gcloud(self,
test_kerberos_envs_available_in_worker_with_persistence(self):
test_should_raises_401_unauthenticated(self,
test_connection_string_preparation(self):
test_create_or_update_secret_v2(self,
test_scheduler_keeps_scheduling_pool_full(self):
test_read_configuration_from_connection(self):
tests](#how_to_write)
test_execute_if_bucket_exist(self,
test_user_not_exists(self):
test_send_email(to,
test_should_not_include_ready_to_reschedule_dep_in_poke_mode(self,
test_delete_backup(self,
test_should_wait_for_workers_to_start(self,
test_run_query_sql_dialect_default(self,
test_set_context(self,
test_tempalte_with_custom_timetable_deprecated_context(self,
test_dag_test_with_task_mapping(self):
test_execute_if_data_is_bytes(self,
test_should_respond_200_application_json(self,
test_get_secret_value(self,
test_raise_exception_on_invalid_task_id(self):
test_configuration_redacted(admin_client):
test_start_export_task(self):
test_create_factory(hook:
test_test_with_existing_dag_run(self,
test_job_id_is_assigned_to_dag_run(self):
test_construct_pod_attribute_error(self,
test_failed_success(client_all_dags_edit_tis):
test_zombie_message(self):
test('Replaces
test_validate_should_not_allow_both_type_and_allow_empty_in_a_spec(self):
test_should_read_logs_with_download(self,
test_get_job_group_should_pass_after_retry(self,
test_dynamic_offset(self,
test_exec_failure_if_job_id_not_found(self,
test_cancel_job_deprecation_warning(self,
test_get_first_pattern_match(self):
test_run_example_dag_beam_python(self):
test_job_run_app_not_started_app_failed(self,
test_ok_with_short_future_skew(self,
test_run_example_dag_imap_attachment_to_s3(self):
test_create_dagrun(session,
test_should_response_200_for_null_start_date(self):
test_backfill_respect_max_active_tis_per_dag_limit(self,
test_create_instance_with_one_replica_cluster_production(
test_verify_anon_user_with_admin_role_has_access_to_each_dag(self):
test_create_event_subscription_no_wait(self,
test_should_response_400_for_naive_datetime_and_bad_datetime(self,
test_next_dagrun_info_catchup(self):
test_next_dagrun_after_auto_align(self):
test_create_fargate_profile_saves_provided_parameters(self,
test_export_data(self,
test_run_load_with_arg(self,
test_cli_webserver_access_log_format(self):
test_ti_scheduling_mapped_zero_length(dag_maker,
test_home_robots_header_in_response(user_client):
test_backfill_max_limit_check(self,
test_get_job_output_assert_once_with(self,
test_operator_set(self,
test_workers_host_aliases(self):
test_find_path_from_directory_respects_symlinks_glob_ignore(self,
test_create_dag_runs_datasets(self,
test_expand(self):
test_offline_upgrade_fails_for_migration_incorrect_versions(self,
test_get_pattern_not_match(self):
test_get_conn_private_ip(self,
test_bigquery_value_check_async(mock_hook):
test_dag_cli_should_display_help(self):
test_redirect_to_external_log_with_external_log_handler(self,
test_airflow_version(self):
test_xcom_ctor(self):
test_infinite_pool(self,
test_list_deployments(self,
test_succeeded_task(self):
test_keberos_sidecar_resources_are_not_added_by_default(self):
test_delete_pod_raises_404(
test_ciphers(self,
test_get_job_client_region(self,
test_response_200(
test_execute_force_rerun_async(mock_hook):
test_client_created_default_http(self,
test_task_wipes_next_fields(self,
test_no_commit_provided_trigger_full_build_for_any_event_type(github_event):
test_client.get_conn_uri(conn_id="test")
test_connection_muldelete(admin_client,
test_finished_callbacks_handle_and_log_exception(self,
test_dag_registration_with_failure(self):
test_get_task_status_with_no_task_found(self,
test_default_airflow_local_settings(self,
test_read_as_download_logs(self,
test_deserialize_model_file(self,
test_pod_resources(self):
test_get_parse_int(self):
test_deepcopy():
test_neo4j_operator_test(self,
test_truncate_task_duration(test_duration,
test_no_query(self):
test_input_validation():
test_execute_complete_incorrect_event_validation_failure(self):
test_should_throw_exception_if_connection_id_is_none(self):
test_process_executor_events_with_callback(self,
test_branch_follow_false(self):
test_open_maybe_zipped_archive(self,
test_next_dagrun_after_date_start_end_dates(self):
test_limit_of_zero_should_return_default(self,
test_bigquery_check_op_execute_complete_with_no_records():
test_conn.get_uri()}):
test_get_conn_retry_on_connection_error(
test_bigquery_value_check_operator_execute_complete_failure():
test_should_pass_if_no_reschedule_record_exists(self,
test_next_schedule_after_friday(timetable:
test_pgbouncer_resources_are_not_added_by_default(self):
test_create_replication_task(self,
test_no_host_key_check_enabled(self,
test_envs_from_configmaps(
test_should_use_templated_base_url_for_probes(self):
test_hive_queues(self,
test_order_by_descending_works(self):
test_instantiate_inline_workflow_template_deprecation_warning(self,
test_read_with_json_format_with_custom_offset_and_host_fields(self,
test_get_credentials_and_project_id_with_service_account_file(self,
test_dag_loaded(self,
test_xcom_disable_pickle_type(self):
test_escape_in_tree_view(self,
test_response_200(self):
test_operator_extra_link_multiple_operators(dag_run,
test_catchup_works_correctly(self,
test_extra_hosts(self):
test_resolve_verify(self,
test_reschedule_and_retry_timeout(self,
test_one_done_tr_upstream_failed(self,
test_convert_repo_url_to_dict_invalid(self,
test_get_conn_with_key_json(self,
test_unsupported_assume_role_method(self):
test_command_errored(self):
test_create_partition_with_client_error(self,
test_redacts_from_print(self,
test_task_states_for_dag_run_when_dag_run_not_exists(self):
test_find_zombies(self):
testsuite.get('failures')
test_conf_as_dict_when_deprecated_value_in_both_env_and_config(self,
test_extra_ini_configs(self):
test_execute_wait_for_termination(
test_dag_file_processor_process_task_instances(self,
test_downgrade_sql_no_from(self,
test_hooks(self,
test_merge_find_task_parameters_specified_workspace(self):
test_azure_synapse_run_spark_batch_operator_success(
test_backfill_retry_always_failed_task(self,
test_roles_create(app,
test_parse_bucket_key(self,
test_rendered_template(self):
test_type.lower().replace("[",
test_should_create_valid_volume_mount_and_volume(self):
test_setattr_performs_no_custom_action_at_execute_time(self):
test_get_logs_for_changed_filename_format_db(
test_sqlite_offline_upgrade_raises_with_version(self):
test_emr_conn_id_wrong_conn_type(self,
test_delete_queue(self,
test_get_pipeline_workflow_should_fail_if_empty_data_response(self,
test_from_json_special_characters(self,
test_container_security_context(self):
test_variables_import(self):
test_get_conn_ssl_default(self,
test_update_linked_service(hook:
test_task_instance_set_state_failure(admin_client,
test_variable_update_preserves_description(self):
test_bucket_name_none_and_bucket_key_is_list_and_contain_relative_path(self,
test_delete_fargate_profile_returns_deleted_fargate_profile(
test_cli_connections_list_as_json(self):
test_rendered_template_view_for_unexecuted_tis(admin_client,
test_delete_cluster_not_found(self,
test_should_add_dags_volume_to_the_webserver_if_git_sync_is_enabled_and_persistence_is_disabled(self):
test_ssh_connection_with_timeout_extra(self,
test_deprecated_s3_connection_type(self,
test_fab_models_use_airflow_base_meta():
test_clear_dag(self,
test_try_adopt_task_instances_multiple_scheduler_ids(self,
test_xcom_convert_to_kwargs_fails_task(dag_maker,
test_pass_name_on_create_job(
test_cycle(dag:
test_run_auto_ml_example_dag(self):
test_custom_auth_mount_point_init_params(self,
test_failure(dag_faker_client,
test_execute_xcom_behavior(self):
test_conf.upgraded_values[(new_section,
test_nor_token_and_nor_conn_id_provided(self):
test_get_dag_registration(self,
test_should_respect_page_size_limit(self,
test_worker_started_with_required_arguments(self,
test_kerberos_sidecar_resources(self):
test_rerun_trigger(hook:
test_conf.read_string("")
test_execute_multiple_files_same_names(
test_insert_all_fail(self,
test_yaml_file_should_load_connection(self,
test_should_default_to_custom_metadata_db_connection(self):
test_execute_task_instances_unlimited(self,
test_map_product(self,
test_wrapped_markdown_with_some_markdown(self):
test_reschedule_poke_interval_too_long_on_mysql(self,
test_s3_delete_empty_string(self):
test_runs_respected_after_clear(self):
test_language_service_client_creation(self,
test_should_read_logs_with_pagination(self,
test_dag_on_failure_callback_roundtrip(self,
test_cli_list_import_errors(self):
test_template_fields(self):
test_refresh_kube_config_loader(self,
test_push_from_local_should_succeed_if_destination_has_same_name_but_not_a_file(self,
test_execute_copy_single_file_with_compression(self,
test_backfill_pool_not_found(self,
test_clear_overlapping_external_task_marker(dag_bag_head_tail,
test_execute_with_gzip(self,
test_path.is_dir():
test_renew_from_kt_forwardable_true(self):
test_delete_dataset(self,
test_execute_async(self,
test_run_query_with_kms(self,
test_next_dagruns_to_examine_only_unpaused(self):
test_get_plugins_return_200_if_no_plugins(self):
test_mapped_render_nested_template_fields(dag_maker,
test_change_with_update_maek(self,
test_should_pass_if_not_reschedule_mode(self):
test_key_exists(self,
test_create_evaluate_ops(self,
test_describe_cluster_throws_exception_when_cluster_not_found(
test_get_previous_start_date_none(self,
test_soft_fail_with_retries(self,
test_mapped_render_template_fields(dag_maker,
test_reconcile_specs_init_containers(self):
test_head_method(self,
test_write_batch(self):
test_get_sdf_download_tasks_called_once(self,
test_infinite_pool(self):
test('Updates
test_operator_deserialize_old_names(self):
test_page_instance_name_xss_prevention(self):
test_list_builds(self,
test_dont_get_inaccessible_dag_ids_for_dag_resource_permission(self):
test_create_trigger(hook:
test_should_raises_401_unauthenticated(self):
test_push_xcom_pod_info(self,
test_create_session_boto3_credential_strategy(self,
test_get_sqlalchemy_engine_should_support_session_parameters(self):
test_extra_links_works(dag_run,
test_set_resources(self):
test_pool():
test_with_custom_roles(self,
test_schedule_dag_run_with_upstream_skip(dag_maker,
test_update_flow_filter(hook):
test_with_skip_in_branch_downstream_dependencies(self,
test_client_type_stop_instances(self):
test_exec_failure_with_message(self,
test_param_without_schema(self):
test_conf._env_var_name(old_section,
test_email_alert_with_filenotfound_config(self,
test_extra_env_from(self,
test('Durations
test_execute_successfully_with_wait_for_completion(self,
test_oss_write_into_remote_existing_file_not_via_append(self,
test_create_database_with_in_progress_retry(
test_should_propagate_exceptions(self):
test_send_message(
test_get_logs_response_with_ti_equal_to_none(log_admin_client):
test_update_pipeline_non_existent(hook:
test_userpass_dejson(self,
test_should_raise_400_for_invalid_orderby(self,
test_create_dagrun_run_id_is_generated(self):
test_cli_webserver_debug(self):
test_mark_tasks_past(self):
test_send_sensor_timing(self,
test_wait_for_job_timeout(self,
test_is_aad_token_valid_returns_true(self):
test_set_task_instance_state():
test_patch_table(self,
test_dag_registration_with_failure_zipped(self,
test_run_table_delete(self,
test_expected_output_push(
test_mapped_task_upstream_failed(dag_maker,
test_stuck_queued_tasks_are_cleared(
test_bulk_write_to_db_has_import_error(self):
test_copy_db_cluster_snapshot(self):
test_trigger_firing(session):
test_serialize_and_deserialize_custom_ti_deps(self):
test_connection_host_raises_deprecation(self):
test_create_cluster_saves_provided_parameters(self,
test_action_logging_post(session,
test_private_access(env):
test_dashboard_flash_messages_role_filtering(request,
test_create_metadata_import(self,
test_execute_job_polling_loop(self,
test_number_of_queries_single_loop(mock_get_task_runner,
test_dt_nr_dr_form_with_base_date_and_num_runs_parameters_only(self):
test_logging_with_run_task(self):
test_execute_failure(self,
test_assert_s3_no_keys_or_prifix_given(self):
test_assume_role(self,
test_get_uri_extra_with_schema(self):
test_dag_dagrun_infos_between(self,
test_cli_manage_roles_exceptions(self,
test_home_filter_tags(admin_client):
test_uninstall_libs_on_cluster(self,
test_mode=conf.getboolean('core',
test_execute_schema_fields(self,
test_pod_not_deleting_non_existing_pod(self,
test_should_response_200_text_plain(self,
test_get_variable_missing_variable(self):
test_python_3(self):
test_scale_cluster_operator_extra_links(dag_maker,
test_check_dataflow_job_state_terminal_state(self,
test_get_instance_state(self):
test_pass_all_checks_check(self,
test_read_secret_different_versions_from_secret_manager(self):
test_dags_mount(self,
test_exception(self):
test_expand_kwargs_error_if_received_invalid(self,
test_get_rendered_template_fields(self):
test_no_parent(session,
test_get_cluster_client_region_deprecation_warning(
test_get_task_stats_from_query():
test('External
test_init_default_timeout():
test_create_queue_exception(self,
test_delete_pipeline_should_fail_if_empty_data_response(self,
test_list_job_run_artifacts(self,
test_execution_limited_parallelism_fork(self):
test_localtaskjob_heartbeat_with_run_as_user(self,
test_user_model_view_without_access(self,
test_auth_backends_adds_session(self):
test_both_prefixed_and_not_in_extra_field(self,
test_get_token_with_no_password_slack_conn_id_only(self,
test_bigquery_check_trigger_exception(mock_job_status,
test_task_cluster_policy_obeyed(self):
test_response_all(self):
test_describes_pod_on_failure(self,
test_first_names_can_be_empty(self):
test_dags_gitsync_sidecar_and_init_container(self):
test_should_return_templatized_chat_id_field(self):
test_deserialized(self,
test_apply_default_raise(unknown):
test_deprecation_warnings_generated():
test_setup_locations_none_pid_path(self):
test_send_file_content(
test_trigger_dag_include_nested_subdags(self,
test_list_directory(self):
test_complex_dag(self,
test_trigger_job_run(self,
test_wrong_context(self,
test_bigquery_check_operator_async(mock_hook):
test_bigquery_value_check_op_trigger_pending(mock_job_status,
test_get_last_log_message_with_no_log_events(self,
test_clear_dag_runs_action(self):
test_radius(self,
test_stop_pipeline_should_fail_if_empty_data_response(self,
test_get_conn_ssl_disabled(self,
test_read_file(self,
test_get_conn_uri_broken_field_mode(self):
test_delete_replication_group(self):
test_get_extra_docker_flags_remove():
test_get_records(self):
test_previous_ti_success(self,
test_existing_cluster_not_in_use(self,
test_external_dag_sensor_soft_fail_as_skipped(self):
test('queued
test_execution_unlimited_parallelism_fork(self):
test_expand_fail_empty():
test_execute_should_throw_ex_when_delete_job_without_wait(self,
test_create_partition(self):
test_bigquery_interval_check_trigger_serialization():
test_log_groomer_collector_default_command_and_args(self):
test_poke_deleting(self,
test_list_clusters_returns_empty_by_default(self)
test_encode(self):
test_delete_model(self):
test_get_invalid_id(self,
test_verify_default_anon_user_has_no_access_to_specific_dag(self):
test_snowflake_operator(self,
test_get_tree_map(self):
test_catch_overlap_allowed_failed_state(self):
test_extra_warnings_non_dict_json(self):
test_convert(self,
test_retries_on_other_exceptions(self):
test_task_exit_should_update_state_of_finished_dagruns_with_dag_paused(self,
test_success_fail_for_read_only_task_instance_access(self):
test_get_pipeline_job(self,
test_stackdriver_disable_notification_channel(
test_dashboard_flash_messages_markup(user_client):
test_notify(self):
test_backfill_rerun_upstream_failed_tasks(self,
test('Buttons
test_rendered_template_secret(admin_client,
test_run_as_user_root(self):
test_uri_with_scheme():
test_with_execution_date_parameter_only(admin_client,
test_cli_connections_import_should_load_connections(self,
test_get_credentials_from_extra(self,
test_radius_init_params(self,
test_required_providers_are_installed(self):
test_conf.get('core',
test_aws_secrets_manager_get_connection(self,
test_sql_branch_operator_mysql(self):
test_mapped_task_upstream_removed_with_all_success_trigger_rules(
test_should_send_message_if_all_parameters_are_correctly_provided(self,
test_ensure_delete_replication_group_failure(self):
test_page_instance_name_xss_prevention(admin_client):
test_handle_failure_callback_with_zombies_are_correctly_passed_to_dag_file_processor(self):
test_run_build_trigger_with_wait(self,
test_get_job_run_status(hook:
test_delete_share(self,
test_wait_for_job_incomplete_succeeded(self,
test_poke_raise_exception(self,
test_get_partition_with_client_error(self,
test_resource_quota_template(self):
test_should_respond_200_with_tilde_and_granular_dag_access(self):
test_setup_locations_relative_pid_path(self):
test_values_from_connection(self,
test_should_pass_after_reschedule_date_multiple(self,
test_execute_incremental(self,
test_datetime_trigger_serialization():
test_sql_operator_hook_params_snowflake(self,
test_get_conn(self):
test_get_token_with_token_and_slack_conn_id(self):
test_python_2_7(self):
test_verify_default_anon_user_has_no_accessible_dag_ids(self):
test_get_sdf_download_tasks_called_with_params(self,
test_invoke(self,
test_hook_get_paginator_with_default_params(self,
test_fail_multiple_outputs_no_dict(self):
test_should_pass_extra_args(self,
test_trigger_dagrun_custom_run_id(self):
test_forbidden_with_long_past_skew(self,
test_deprecated_wasb_connection(self):
test_big_query_table_existence_sensor_async_execute_complete(self):
test_create_fargate_profile_throws_exception_when_cluster_not_active(
test_trigger_dag_dag_not_found(self,
test_should_raise_exception_for_allow_multiple_and_limit_1(self):
test_create_backup(self,
test_start_python_dataflow_with_non_empty_py_requirements_and_without_system_packages(
test('Still
test_retry_on_error_sending_task(self,
test_should_disable_default_helm_hooks(self):
test_delete_dagrun_permission_denied(session,
test_execute_diff(self,
test_test_no_execution_date(self,
test_external_task_sensor_failed_states_as_success(self):
test_show_external_log_redirect_link_with_local_log_handler(self,
test_from_json(self,
test_ensure_unique_connection_json(self,
test_already_checked_on_success(self):
test_add_dill(self):
test_text_to_speech_client_creation(self,
test_basic_docker_operator(self,
test_get_or_create_glue_job_create_new_job(self,
test_execute_without_keep_director_structure(self,
test_variables_prefix_none_value(self,
test_ssh_connection_with_conn_timeout_extra(self,
test_cli_list_dags_prints_import_errors(self):
test_process_dag_file_without_timeout(self,
test_replace_dummy_trigger_rule(self,
test_does_send_stats_using_dogstatsd_when_statsd_and_dogstatsd_both_on(self):
test_create_ingestion(self,
test_deprecated_options_with_new_section(self):
test_app_can_json_serialize_k8s_pod():
test_execute_batch_failed(self,
test_dagrun_update_state_end_date(self,
test_poke_fail(self,
test_get_conn_returns_boto3_resource(self):
test_execute_salesforce_bulk_update(self,
test_bigquery_interval_check_trigger_exception(mock_job_status,
test_run_cleanup_skip_archive(self,
test_get_sqlalchemy_engine_should_support_insecure_mode(self):
test_should_respond_406(self):
test_get_secret_string(self):
test_render_template_fields_native_envs(self):
test_create_fargate_profile_generates_valid_created_timestamp(self,
test_repr(self):
test_pod_template_is_templated(self):
test_template_fields_overrides(self):
test_rendered_template_success_for_all_dag_user(self):
test_uses_updated_session_timeout_config_by_default(self):
test_start_java_pipeline(self,
test_default_connection_old_version(self,
test_task_stats_only_noncompleted(admin_client):
test_create_instance_that_doesnt_exists(self,
test_set_xcomarg_dependencies_with_mapped_operator(dag_maker):
test_hiding_config(self,
test_cron_next_dagrun_info_alignment(last_data_interval:
test_should_ingress_hosts_have_priority_over_host(self):
test_conf.read_dict({'core':
test_describe_directory(self):
test_start_pipeline_should_fail_if_status_not_200(self,
test_mapped_task(self):
test_create_cluster_generates_valid_cluster_endpoint(self,
test_set_task_instance_state(run_id,
test_failed(self,
test_close_conn(self):
test_datetime_to_epoch_ms():
test_adopt_or_reset_orphaned_tasks_nothing(self):
test_wrapped_markdown_with_table(self):
test_delete_db_instance_snapshot(self):
test_delete_old_records_mapped(
test_empty_connection_field_with_token(self,
test_branch_xcom_push_true_branch(self):
test_should_respond_200_multiple_links(self):
test_should_set_pvc_details_correctly(self):
test_error_if_unmappable_type(self,
test_session_id_rotates(app,
test_validate_should_interpret_union_with_one_field(self):
test_find_executable_task_instances_not_enough_pool_slots_for_first(self,
test_missing_emr_conn_id(self,
test_delete_queue_exception(self,
test_expected_output_pull_request_main(
test_deployments_with_rbac_no_sa(self):
test_should_return_all_with_tilde_as_dag_id(self,
test_cancel_training_pipeline(self,
test_get_token_from_password(self,
test_should_a_document_be_generated_for_executor(self,
test_create_event_subscription(self):
test_doc_urls(admin_client,
test_uri_without_scheme():
test_incorrect_params_wrong_format(self):
test_execute_with_hive_conf(self,
test_variables_delete(self):
test_should_raise_exception_for_multiple_scheduler_on_one_host(self):
test__get_upstream_dataset_events_no_prior(configured_app,
test_run(self,
test_unsupported_executor(self):
test_pod_name_confirm_to_max_length(self,
test_get_conn_basic_auth(self,
test_asana_update_task_operator(self,
test_connection_aws_partition(self,
test_delete_pod_raises_404(self,
test_poke(mock_hook):
test_should_display_index(self):
test_none_failed_min_one_success_tr_skipped(self,
test_dagrun_success_callback(self,
test_dagrun_update_state_with_handle_callback_success(self,
test_delete_just_dag_resource_permissions(new_dag_to_delete,
test_dag_test_with_dependencies(self):
test_map_in_group(self,
test_recently_modified_file_is_parsed_with_mtime_mode(
test_client.get("/api/experimental/pools",
test_validation_error(self,
test_should_response_404(self):
test_value_check_fail(self,
test_key_file(self,
test_terminate(self):
test_set_serialize_call_old_signature(self,
test_invalid_ratio_formula(self):
test_dag.create_dagrun(state=None,
test_conf_as_dict_when_deprecated_value_in_cmd_disabled_env(self,
test_get_conn_ssl_cert_path(self,
test_query_to_df(self):
test_infer_multiple_outputs_using_dict_typing(self,
test_should_report_success_for_one_working_scheduler(self):
test_xcom_clear_with_execution_date(self,
test_should_correctly_handle_password_with_special_characters(self):
test_task_instance_schema_with_sla_and_rendered(self,
test_mask_token(self,
test_databases_default(self):
test_keda_advanced(self,
test_entrypoint_plugin_errors_dont_raise_exceptions(self,
test_get_iam_execution_role(self,
test_patch_core_settings_tcp_keepalive(self,
test_get_conn_custom_host(self):
test_client_created_default_https(self,
test_connection_region_name(
test_cwd_does_not_exist(self):
test_wait_for_transfer_job_failed(self,
test_allowed_jenkins_states(self,
test_dag_test_no_execution_date(self,
test_job_id_is_assigned_to_dag_run(self,
test_validate_trigger_event_success(self):
test_file_paths_in_queue_sorted_alphabetically(
test_should_correctly_use_non_chart_database(self):
test_get_token_from_connection(self,
test_mapped_decorator_unmap_converts_partial_kwargs():
test_start_export_task_no_wait(self,
test_should_respond_200_text_plain(self,
test_extra_links_no_response(dag,
test_xcom_get_one_from_prior_with_execution_date(
test_create_fargate_selectors(self,
test_should_generate_a_document_if_persistence_is_enabled_and_not_using_an_existing_claim(self):
test('Loads
test_task_stats(self,
test_user_defined_filter_and_macros_raise_error(self):
