test_chain_history_missing(hass,
test_zeroconf_add_existing_aborts(hass,
test_unhandled_exception_traceback(hass,
test_correct_config(hass):
test_sensor_defaults_numeric(self):
test_entity_attributes(
test_thermostat_with_fan_modes_set_to_none(hass,
test_nanoleaf_nl55_setup(hass):
test_successful_login_no_usb(
test_setup_fail(hass,
test_detection_flow_with_valid_path(hass):
test_remote_turn_off_turn_on(hass):
test_statsd_setup_defaults(hass):
test_switch_lock_sets_power_on_unavailable(
test_yaml_config_raises_repairs(
test_connection_dropped_resyncs_properties(hass:
test_discovered_by_unifi_discovery_does_not_update_ip_when_console_is_still_online(
test_group_turn_off(hass,
test_legacy_new_message(hass,
test_event(hass,
test_template_state_boolean_on(hass):
test_dont_migrate_sqlite_keyfile(hass,
test_discovery_requirements_dhcp(hass):
test_skip_out_of_order_packet(hass):
test_zwave_js_value_updated(hass,
test_automatic_offset(hass:
test_logbook_entity_filter_with_automations(hass,
test_missing_client(hass:
test_vocolinc_flowerbud_setup(hass):
test_action_selector_schema(schema,
test_setup_with_state_resource(hass,
test_adopt(hass:
test_hass_stop(hass:
test_new_ozw_light(hass,
test_fan_oscillate(hass,
test_turn_off_fan(hass:
test_setting_up_core_update_when_addon_fails(hass,
test_pb_service_write_register(hass):
test_user_invalid_auth(hass:
test_stop(hass):
test_discovery_match_by_local_name(hass,
test_repetitions(hass,
test_import_from_yaml_ffmpeg(hass,
test_setup_clientError(hass:
test_form_api_call_error(hass):
test_light_set_brightness(hass,
test_feed_updates(hass,
test_find_percentage_in_range_altered_inverted(hass):
test_purge_old_states_encounters_operational_error(
test_network(service:
test_set_assumed_state_based_on_tracked(hass):
test_ssdp_not_update_uuid(hass,
test_user_input_device_not_found(
test_invalid_sensor_does_not_create(hass):
test_ignore_default_name(hass):
test_already_setup(hass:
test_setup_multiple_thermostats_with_same_deviceid(
test_update_incomplete_entry(
test_platform_manually_configured(hass):
test_flow_bridges_discovered(hass,
test_setup_yaml_old_style_unique_id(hass:
test_discover_config(hue_client):
test_logbook_select_entities_context_id(hass,
test_light_without_binary_sensor(hass:
test_climate_fan_speed(hass):
test_user_sysbus_duplicate(
test_discovery_update_unchanged_switch(
test_shark_vac_properties(hass:
test_async_setup_entry_timeout_error(hass):
test_settings(
test_full_user_flow_single_installation(hass:
test_update_request_with_template(hass):
test_reauth(
test_use_wallclock_as_timestamps_option(hass,
test_get_trigger_capabilities_on(hass):
test_lifecycle(hass):
test_set_hvac_mode_off(hass:
test_reauth_failed(hass:
test_turn_on_with_color_rgbw(hass:
test_register_view_no_location(mock_cognito,
test_event_listener_backlog_full(
test_if_fires_on_mqtt_message_after_update_with_template(
test_device_tracker_test1_no_coordinates(hass):
test_discovery_update_cover(hass,
test_time_event_does_not_send_message(hass,
test_setup_with_http_error(hass,
test_event_listener_default_measurement(
test_camera_web_rtc_unsupported(
test_async_get_ipv4_broadcast_addresses_multiple(hass,
test_missing_optional_config(hass):
test_rm_pro_filter_crazy_temperature(hass):
test_hddtemp_one_disk(hass,
test_update_error(hass,
test_set_percentage(
test_handle_unauthorized(hass,
test_tv_setup(
test_abort_import_if_host_exist(hass):
test_form_user_discovery_fails_and_password_fetch_fails_and_cannot_connect(
test_ssdp_not_supported(hass:
test_valid_config2(hass):
test_no_callbacks(hass):
test_lazy_state_handles_include_json(caplog):
test_rgb_light(hass:
test_import_cannot_connect_serial_timeout(hass:
test_light_context(hass,
test_turn_on_fan_without_speed(hass:
test_update_core_with_error(hass,
test_update_swing_mode(hass,
test_fix_angle(angle,
test_update_no_versions(hass):
test_form_invalid_api_key(hass):
test_face_event_call(hass,
test_select_device_no_wiring(hass:
test_form_library_error_message(hass):
test_sensor_setup_sensor(
test_recorder_is_far_behind(hass,
testfilter("cover.garage_door")
test_basic_usage(hass:
test_event_end_trigger(hass,
test_intent_special_slots(hass,
test_registered_no_pin_required(hass,
test_switch(
test_restore_sensor_restore_state(
test_number_light_sensitivity(hass:
test_bulk_set_config_parameters_gather(
test_dhcp_error_from_wall_connector(mock_wall_connector_version,
test_switch_unique_id(hass:
test_automation_variables(hass,
test_setup_component_without_api_key(hass):
test_simple_before_after_does_not_loop_berlin_in_range(hass):
test_missing_data_after_login(hass:
test_light_profiles_with_transition(hass,
test_options_flow_init(hass:
test_pubsub_subscription_configuration_failure(
test_validate_trigger_block_device_not_ready(hass,
test_step_dhcp(hass,
test_raise_if_exception_missing_empty_cause_str():
test_yaml_import(hass):
test_duplicate_cover(hass,
test_failed_auth_unexpected_error(hass:
test_webhook_put(
test_thermostat_v2(
test_service_setup_and_unload(hass,
test_regex_x_of_y_comma_z(string,
test_fan_speed_with_no_max_seed(hass:
test_reloadable_multiple_platforms(hass):
test_smoke_test_setup_component(aioclient_mock,
test_generic_exception(hass):
test_tunneling_setup(
test_callback():
test_external_timed_out(hass,
test_options_flow_hides_members(
test_import_flow(hass)
test_service_set_charge_schedule(
test_actions_multiple_calls(
test_auth_fails(hass):
test_load_detect_api_disabled(aioclient_mock,
test_reauth_flow_errors(
test_mqtt_disconnects_on_home_assistant_stop(hass,
test_srp_entity_async_update(hass):
test_async_setup_entry_handles_auth_error(hass:
testfilter("binary_sensor.notworking")
test_update_ssdp_location_unique_id_added_from_ssdp_with_rendering_control_st(
test_profile_load_optional_hs_color(hass):
test_sensor_defaults_binary(hass:
test_thermostat_set_hvac_mode(
test_x_forwarded_for_with_multiple_headers(aiohttp_client,
test_user_pairing_with_insecure_setup_code(hass,
test_audio_packets_found(hass):
test_expose_attribute(hass):
test_thumbnail(
test_sensors_ev_metric(hass,
test_disabled_basic_sensor(hass,
test_all_optional_config(hass,
test_icons(hass):
test_supervisor_discovery(
test_set_convert_unique_id_to_string(hass:
test_single_sensor_readings(hass,
test_full_flow(hass:
test_live_select_error(
test_ban_active_after_update(hass):
test_is_second_sunday():
test_no_attribution(hass:
test_compile_hourly_sum_statistics_nan_inf_state(
test_logbook_describe_event(hass,
test_browse_media_path(hass:
test_no_recursive_secrets(caplog,
test_increase_decrease_speed(hass,
test_vacuum_with_error(hass,
test_remove_older_logs(hass,
test_thermostat_heatcool(
test_setup_platform(hass,
test_heater_cooler_turn_off(hass,
test_light_async_turn_on(hass:
test_handle_message_callback(
test_nested_group(hass):
test_white_levels_to_color_temperature():
test_late_event(hass,
test_error_on_init(hass:
test_thermostat_off(
test_thermostat_eco_on(hass):
test_rssi_sensor(hass):
test_set_target_temperature_send_if_off(
test_image_name_supervisor(hass):
test_ping(
test_set_addon_config_failure(
test_user_flow_2fa_invalid_code(hass):
test_state_jammed(hass):
test_autodetect_auth_missing(hass:
test_import_day(hass):
test_sensor_entity_total_power_export_t1_kwh(
test_event_rrule(mock_now,
test_setup_component(hass):
test_fail_setup_if_color_mode_deprecated(hass,
test_trusted_group_login(manager_with_user,
test_database_migration_encounters_corruption(hass):
test_connection_failure_on_startup(
test_intent_set_humidity_and_turn_on(hass):
test_option_track_wired_clients(hass,
test_properties(hass,
test_process_advertisements_timeout(
test_white_value_template(
test_fail_no_broker(hass,
test_color_setting_color_light(hass,
test_abort_if_single_instance_allowed(hass):
test_auth_code_store_expiration(mock_credential):
test_repeat_nested(hass):
test_convert_from_fahrenheit():
test_include_exclude_events(hass,
test_remove_clients(hass,
test_device_setup_network_timeout(hass):
test_custom_integration_and_validation(hass,
test_two_weather_sites_running(hass,
test_set_fan_min_on_time(thermostat,
test_ssdp_discovery_existing_device_update(
test_set_state_via_position_using_stopped_state(hass,
test_helper_successful(hass,
test_auto_detect_bluetooth_adapters_macos(hass):
test_title_without_name(hass):
test_has_supervisor_yes():
test_status_charging(hass,
test_form_reject_still_preview(
test_simple_properties(hass:
test_camera_reconnect_webhook(hass,
test_stream_source_error(hass,
test_update_with_unnecessary_json_attrs(
test_ws_delete_refresh_token(
test_setup_and_initial_state(hass,
test_get_trigger_capabilities_node_status(
test_binary_sensor_ignore_internal_state(
test_form_no_units(hass):
test_entry_message_from_event_binary_sensor_motion(self):
test_setup_entry_without_addon_info(hass,
test_chime_can_be_played(hass,
test_shutdown_at(hass,
test_condition_validation(hass,
test_request_action(hass:
test_manual_dns_error(hass:
test_renewable_sensor(hass:
test_plant_group(hass):
test_user_input_non_yamaha_device_found(hass,
test_no_appliances(
test_pure_rgb_dimmer_light(
test_color_rgb(hass,
test_extract_entities_domain_states_outer_with_group(hass):
test_can_play(hass:
test_user_form_repeat_identifier(hass,
test_user_flow_2fa_send_new_code(hass):
test_blueprint_inputs(blueprint_1):
test_async_step_bluetooth_valid_device_encryption_wrong_key(hass):
test_stream_audio(hass,
test_browse_media_as_dict():
test_abort_discovery_with_existing_entry(
test_addon_running_failures(
test_form_duplicated_id(hass):
test_update_when_off(hass,
test_cover_operation(hass:
test_flow_start_only_alive(
test_thermostat_invalid_hvac_mode(
test_logger_error(hass,
test_thermostat_different_endpoints(
test_invalid_entity_id(hass):
test_load_and_unload(
test_pure_hot_cool_link_set_fan(mocked_login,
test_anna_climate_binary_sensor_entities(
test_exception_from_update_method(
test_matrix_flame_morph_effects(hass:
test_enabling_disable_by_default(
test_setup_with_limited_credentials(hass):
test_zeroconf_host_already_configured(hass):
test_qnap_qsw_create_binary_sensors(hass:
test_set_alarm_standby(hass:
test_event_stream_bad_start_time(hass,
test_service_call_with_invalid_topic_template_does_not_publish(
test_async_listen_error_has_host_without_id(hass:
test_delay_load_during_startup(hass):
test_validity_configurations(hass,
test_anna_2_climate_entity_attributes(
test_media_player_join(hass,
test_protect_loop_debugger_sleep(caplog):
test_all_day_event_returned_mid(hass,
test_ping_entity(
test_import_rate_limit_out_of_range(hass:
test_serviceregistry_service_that_not_exists(hass):
test_min_temp_custom(hass,
test_flow_user_already_configured(
test_mode_change_dry_trigger_on_not_long_enough(hass,
test_manual_flow_with_valid_path(hass):
test_track_template_rate_limit(hass):
test_send_with_no_energy_config(hass,
test_huawei_lte_wifi_guest_network_config_entry_when_network_is_not_present(
test_if_not_fires_and_warns_if_below_entity_unknown(hass,
test_async_play_media_unsupported(hass,
test_save_preferences(
test_step_user_unknown_error(hass:
test_add_event_date_ranges(
test_import_device_already_existing(hass,
test_set_position_topic_without_get_position_topic_error(
test_numeric_state_attribute(hass):
test_solaredgeoverviewdataservice_energy_values_validity(
test_get_hvac_modes(hass,
test_light_set_brightness_belief_full(hass:
test_verisure_errors(
test_user_pair_invalid_pin(hass,
test_purge_filtered_events(
test_setup_camera_new_data_error(hass:
test_not_found(hass):
test_worker_disable_ll_hls(hass):
test_config_not_valid_service_names(hass):
test_regex_get_module_platform(
test_usb_discovery_requires_supervisor(hass):
test_url_success(hass,
test_sensor_readings(
test_form_validate_connection_error(hass,
test_discovery_removal_alarm(hass,
test_temp_unit_fix(
test_video_bad_params(
test_get_conditions_set_tilt_pos(
test_controlling_state_via_topic(hass,
test_reserving_states(hass):
test_login_cannot_connect(hass:
test_two_factor_request_success(hass,
test_async_has_matching_flow(
test_async_browse_image_missing(hass,
test_gateway_initialize_success(startup,
test_entity_config_ignore(hass,
test_options_flow_with_invalid_data(hass,
test_ssdp_discovery_existing_device_update(hass,
test_create_local_entry_from_discovery(hass:
test_user_setup(hass,
test_firmware_upload_view(
test_tunneling_setup(hass:
test_sirens_report_correctly(hass,
test_user_unavailable_link_step(hass:
test_form_ssdp_existing_entry_no_port_https(hass:
test_camera_stream_missing_trait(hass,
test_x_forwarded_for_from_trusted_proxy_rejected(
test_fail_setup_if_color_modes_invalid(
test_automation_breakpoints_2(hass,
test_import_flow_all_fields(hass:
test_get_image_http_log_credentials_redacted(
test_status_fan_speed_list(hass,
test_dhcp_login_error(hass:
test_zeroconf_updates_title(hass,
test_load_backups(hass:
test_async_create_flow(hass,
test_actuators(hass,
test_state_3(hass):
test_change_relay_mode(hass,
test_invalid_long_tuple(
test_update_missing_mac_unique_id_added_from_ssdp(
test_extra_state_attributes(
test_number_unit_of_measurement(hass:
test_migration_1_1_to_1_3(hass,
test_name_template(hass,
test_flow_import_not_implemented(hass):
test_electric_vehicle_binary_sensors(hass):
test_state_changes_during_period(hass_recorder,
test_service_call_create_logbook_entry_invalid_entity_id(hass,
test_router_device_setup(hass):
test_validate_requirements_format_with_space(integration:
test_select_viewer_remove(
test_tv_options_flow_no_apps(
test_camera_device(
test_home_assistant_start_stop_grouped(hass_):
test_fan_speed_with_no_max_speed(hass:
test_if_fires_on_send_keys_event(hass,
test_coordinator(
test_temperature_template(
test_flow_user(hass:
test_reload_entry_in_failed_state(hass,
test_dehumidifier_as_humidifier(hass,
test_group_alarm(hass):
test_optimistic_state_change_with_position(
test_entity_without_progress_support_raising(
test_invalid_credentials(hass:
test_import_statistics(
test_subscribe_error(
test_attribute_if_fires_on_entity_where_attr_stays_constant_all(hass,
test_import_step(hass):
test_form_ssdp(hass):
test_climate_set_temperature(hass,
test_setup_with_config(hass):
test_invalid_entity_in_template(hass,
test_thermostat_set_preset_none(
test_loading_old_data(hass,
test_icon(requests_mock):
test_switch_off(hass:
test_condition_created_once(async_from_config,
test_update_missing_model_added_from_ssdp(hass:
test_import_exist(hass):
test_write_aldb(hass,
test_xiaomi_CGDK2(hass):
test_update_reports_up_light_is_on(hass:
test_websocket(
test_ssdp_bootid(
test_upload_view(hass,
test_no_user_input(crownstone_setup:
test_import_flow_offline(
test_async_track_state_removed_domain_with_empty_list(hass):
test_invalid_pin(hass):
test_multiple_numeric_observations(hass):
test_location_change_evicts_prior_location_from_cache(
test_power_level_notification(hass,
test_disconnect(hass,
test_setup_and_retry_adapter_not_yet_available(hass,
test_record_stream_rotate(hass,
test_camera_setup(hass:
test_entry_message_from_event_person(self):
test_event_listener_unit_of_measurement_field(
test_remove_unknown_conf_entry_options(hass,
test_setting_level(hass):
test_color_palette_dynamically_handle_segments(
test_fan_reverse(hass,
test_precision(
test_multiple_emails(hass):
test_options_flow_manual_usb_path(
test_device_tracker_access_denied(
test_template_render(mock_call,
test_fires_on_doorbell_chime(hass,
test_trigger_for_wrong_device_id(hass,
test_view_invalid_node_id(integration,
test_form_user_manual_entry_cannot_connect(hass:
test_state_via_template(hass,
test_homekit_controller_still_discovered_unpaired_for_polling(
test_device_unload_update_failed(hass):
test_form_invalid_credentials_user(hass):
test_setup_entry_credentials_invalid(hass:
test_reauth_cloud_import(
test_zeroconf_add_but_device_not_found(hass,
test_client_disconnected(hass):
test_self_reset_cron_pattern(hass):
test_reloading(hass,
test_timeout(hass,
test_setup_with_limited_credentials(hass,
test_controlling_state_via_topic2(hass,
test_status_battery(hass,
test_migration_1_2_to_1_4(hass,
test_ignore_invalid_entity_properties(
test_locking(hass):
test_can_unload_and_reload(hass):
test_admin_change_password_no_creds(hass,
test_filter_continuous_sensor_values(hass,
test_turn_automation_on(hass:
test_huawei_lte_wifi_guest_network_config_entry_when_ssid_is_none(
test_template_vars_error(hass):
test_trigger_with_pending_and_specific_delay(
test_entry_setup_single_config(hass:
test_select_state(
test_friendly_names(hass,
test_zeroconf_match(hass,
test_if_action_after_sunset_with_offset(hass,
test_saving_state_with_exception(hass,
test_update_interval(hass,
test_get_triggers_swc(hass,
test_form_user_manual_entry(hass:
test_discovery_removal_climate(hass,
test_get_unifi_controller(hass):
test_resolve_missing_event_id(hass,
test_integration_disabled(hass,
test_setup_invalid_auth(hass:
test_on_node_added_not_ready(
test_config_flow_gateway_cloud_login_error(hass):
test_browsing_mjpeg(hass,
test_see_passive_zone_state(
test_airsensor_update(airsensor,
test_number_camera_simple(
test_entry_setup_timeout_error(
test_select_option(mock_hc,
test_app_credentials(hass,
test_device_current_unavailable(hass:
test_fetch_potential_spike(
test_error_invalid_key(hass):
test_form_validate_session_error(hass,
test_setup_version_too_old(self,
test_anna_3_climate_entity_attributes(
test_async_detect_interfaces_setting_empty_route(hass):
test_thermostat_set_fan(hass):
test_state_changed_event_sends_message(hass,
test_auth_access_signed_path_with_query_param_tamper(
test_form_user_discovery_fails_and_password_fetch_fails(hass):
test_ssdp_update_uuid(hass,
test_discovery_by_homekit_and_zeroconf_same_time(hass):
test_scan_description_parse_fail(hass,
test_get_serial_by_id_realpath(
test_invalid_dbus_message(hass,
test_websocket_web_rtc_offer_failure(
test_min_sensor(hass):
test_form_unknown_error(hass):
test_discovered_ssdp(hass):
test_new_client_discovered_on_poe_control(hass,
test_button_no_update_available(
test_form_invalid_auth_http_401(hass):
test_setup_entry_encrypted(hass,
test_get_integration_exceptions(hass):
test_dehumidifier_missing_setpoint(
test_option_flow_form(options_form):
test_websocket_list_empty(ws_client:
test_no_change(hass,
test_calc_errors(hass):
test_options_remove_device_override(hass:
test_init_while_offline(hass:
test_write_utf8_file_fails_at_rename_and_remove(tmpdir,
test_calendar_entity_unique_id(todoist_api,
test_doorbell_event_thread(hass):
test_service_unload(hass):
test_unknown_event(hass,
test_form_ssdp_aborts_if_host_already_exists(hass):
test_sensor_type_multiple_accumulated_output(hass,
test_cached_supported_features(hass,
test_async_migration_in_progress(hass):
test_fans_legacy_speed_modes(hass,
test_legacy_sending_mqtt_commands_and_optimistic(hass,
test_options_flow_exclude_mode_advanced(hass,
test_load_unload_config_entry(hass:
test_zeroconf_no_probe_existing_device(hass:
test_group_service_calls(hass,
test_multiple_start_events(hass,
test_setup_imported(hass,
test_sensors_options_changed(hass):
test_validate(hass,
test_switch_on_off(hass:
test_change_password_no_creds(hass,
test_self_reset_bimonthly(hass,
test_template_with_unavailable_parameters(hass,
test_step_reauth(client_login,
test_global_service_exception(
test_repeat_count(hass,
test_flow_with_activation_failure(
test_cleanup_device_with_entity1(
test_controller_trigger_reauth_flow(hass):
test_import_invalid(hass):
test_purehotcool_set_temperature(devices,
test_light_rgb_with_color_temp(
test_restore_state_climate(hass,
test_bad_json(hass:
test_get_progress_unauth(
test_position_and_tilt_via_position_topic_template_return_json(
test_integration_reload(hass,
test_xiaomi_vacuum_clean_segment_service_single_segment(
test_device_remove_devices(
test_set_value_bad_range(hass):
test_toggle(player):
test_connection():
test_setup_failed_update_reauth(
test_expand_entity_ids_recursive(hass):
test_firmware_version_range_exception(hass):
test_ssdp_discovery_dont_update_configuration(hass,
test_config_fan(hass,
test_play_chime_buttons_report_correctly(hass,
test_climate_devices(hass):
test_timestamp_to_utc():
test_invalid_redirect_uri(hass,
test_sensor_lower_zero_threshold(hass):
test_sensor_get_state(
test_disconnected(hass,
test_wrapped_instance_with_broken_callbacks(
test_discovery_removal_scene(hass,
test_form_dhcp_existing_entry(hass:
test_no_stream_source(hass,
test_multiple_config_entries_using_saved_credentials_3(mock_student,
test_force_update_disabled(hass,
test_wlightbox_on_effect(wlightbox,
test_recorder_log(hass,
test_percent_conv():
test_template_vars(hass):
test_device_remove(
test_other_light_update(hass,
test_button_update_stay_beta(
test_stop_not_created_no_other_buttons(hass:
test_generate_backup(
test_using_file(hass:
test_setting_sensor_value_via_mqtt_message_empty_template(
test_options_remove_x10_device_with_override(hass:
test_remote_toggles(mock_hc,
test_not_discovered(hass:
test_dhcp_updates_host(hass):
test_warning_logged_on_wrap_up_timeout(hass,
test_airzone_create_sensors(
test_set_invalid_speed(hass):
test_stream_stopped_while_decoding(hass):
test_include_dir_merge_named(mock_walk,
test_currencies_timeout(hass:
test_bad_config(hass:
test_form_invalid_port(hass:
test_color_and_temperature_actions_no_template(hass,
test_play_media_channel_as_string(hass):
test_no_number_entities(hass,
test_setup_network_fail(connect_mock,
test_sending_mqtt_rgb_command_with_template(
test_rpc_device_switch_type_lights_mode(hass,
test_block_button(hass:
test_save_invalid_blueprint(hass,
test_switch_light_status(
test_setup_config_entry_not_ready_load_state_fail(
test_service_say_russian_config(hass,
test_switch_get_states(hass,
test_reauth_unsuccessful(hass,
test_update_reports_down_light_is_off(hass:
test_entity_name(hass,
test_se_summation_uom(
test_unexpected_exception(hass:
test_setup_valid_device_class(hass):
test_cover_that_only_supports_tilt_removed(hass,
test_browse_search_no_results(
test_sensor_available(
test_ssdp_config_flow_success(
test_switching_adapters_based_on_rssi(hass,
test_device_exists(hass,
test_zwave_js_event_bypass_dynamic_validation_no_nodes(
test_report_fan_preset_mode(hass):
test_set_dateandtime_button_press(hass):
test_color_bulb_is_actually_off(hass:
test_humidity_change_dry_trigger_on_long_enough_3(hass,
test_bridge_homekit_already_configured(hass,
test_setup_with_turnon(hass:
test_downloading_backup_not_found(
test_device_with_unknown_type(hass):
test_ssdp_flow_unavailable(
test_or_condition_shorthand(hass):
test_removed_device(hass,
test_rpc_device_services(hass,
test_setup_communication_failure(
test_removing_non_existing_backup(
test_set_invalid_fan_speed(hass,
test_requests_exceeded_error(hass):
test_user_setup(hass):
test_wireless_client_event_calls_update_wireless_devices(
test_sensor_entity_export_disabled_when_unused(
test_reauth(hass,
test_exception_unknown(hass:
test_config_google_home_entity_id_to_number_empty(hass,
test_condition_or_shorthand(hass,
test_user_form_unexpected_exception(hass,
test_shutdown_after(hass,
test_setup_failed(hass):
test_trigger_with_pending_and_specific_delay(hass,
test_options_flow_advanced_option(
test_controlling_state_via_mqtt_inverted(
test_config_entry_title_multiple_homes(hass,
test_setting_sensor_value_via_mqtt_message_and_template(
test_validation_gas(
test_write_utf8_file_fails_at_creation(tmpdir):
test_get_usb(hass):
test_no_flip_id(hass,
test_rapid_rediscover(hass,
test_scene_advanced_turn_on_service(
test_setup_configuration_failure(
test_light_identify(
test_input_button_context(hass,
test_no_yaml_config(hass:
test_option_track_devices(hass,
test_fan_percent(hass:
test_user_flow_bad_dsn(hass):
test_get_internal_url_with_base_url_fallback(hass:
test_check_package_version_does_not_match():
test_available_tones_list(hass):
test_config_entry_unregistered_uuid(hass:
test_notification_error(
test_counter(client,
test_logbook_stream_excluded_entities_inherits_filters_from_recorder(
test_transport_control(hass):
test_state_changed_event_include_domain_exclude_entity(hass,
test_import_from_yaml(hass)
test_exclude_events_entity(hass,
test_cleanup_legacy(hass,
test_user_setup(hass:
test_on_command_white(hass,
test_playing_media(
test_service_set_ac_start_simple(
test_async_pre_backup_with_migration(hass:
test_get_controller_controller_service_unavailable(hass):
test_polling(hass):
test_user_local_connection_error(hass):
test_turn_off(light_mock):
test_auto_purge_disabled(hass_recorder):
test_already_configured(hass:
test_dhcp_flow_ignore_link_local_address(hass):
test_form_stream_http_not_found(hass,
test_armed_home_with_specific_pending(hass,
test_get_actions_not_support_open(
test_disabled_switches_can_be_enabled(hass:
test_bridge_cannot_connect_unknown_error(hass):
test_user_flow_cannot_connect(hass):
test_creating_entry_removes_entries_for_same_host_or_bridge(
test_wallbox_switch_class(hass:
test_options_basic(hass):
test_device_is_active_coordinator(hass,
test_config_flow_user_invalid_mac(hass):
test_async_track_state_added_domain(hass):
test_no_ha_device(hass,
test_mean_4_digit_sensor(hass):
test_webhook_event_handling_thermostats(hass,
test_if_not_fires_on_entity_unavailable(hass,
test_precision_1(self):
test_form_validate_input(hass:
test_zeroconf_during_onboarding(
test_get_invalid_entity(hass,
test_rgbww_light(hass:
test_firmware_check_error(hass:
test_discovery_update_unchanged_lock(
test_play_media_channel_as_string(hass:
test_start_addon(
test_setup_with_default_interface(hass,
test_send_invalid_preset_mode(hass,
test_controlling_state_and_attributes_with_json_message_without_template(
test_attributes_code_text(hass,
test_unauthorized(hass):
test_config_flow_registered_entity(
test_setup_failure(hass,
test_initialize_and_shutdown(hass):
test_serialize_text():
test_does_not_work_into_the_future(
test_wait_template_with_trigger(hass,
test_compile_hourly_energy_statistics2(hass_recorder):
test_update_ssdp_location_unique_id_added_from_ssdp(
test_entity_disabled_by_default(hass,
test_setup_incomplete_config(hass,
test_min_max_attribute(hass,
test_deprecated_entity_category_str(hass,
test_user_setup_options(hass,
test_set_state_unit(caplog,
test_service_set_charge_start(hass:
test_advertisment_interval_longer_increasing_than_adapter_stack_timeout_adapter_change_not_connectable(
test_expose_attribute(hass,
test_one_config_allowed(hass):
test_validate_statistics_unit_change_no_device_class(
test_advanced_options(hass:
test_load_from_db(hass,
test_options_flow_include_mode_with_cameras(hass,
test_climate_device_with_fan_support(hass,
test_warning_close_session_integration(hass,
test_general_and_feed_in_price_sensor(
test_migration(hass:
test_if_fires_on_state_above(hass,
test_state_attribute(hass):
test_suffix_2(hass):
test_verify_group_supported_features(hass,
test_invalid_list_dict_str_any(
test_precipitation_conversion(
test_user_confirm_cannot_connect(hass:
test_flow_reauth_no_username_or_device(
test_user_setup_ignored_device(hass):
test_origin_entity_not_found(hass:
test_get_action_capabilities_lock_triggers(
test_battery_sensor(hass,
test_form_version_too_old(hass:
test_rename_value(hass,
test_no_plants_on_account(hass):
test_options_flow_auth_failure(hass):
test_import_error(hass,
test_setup_entry_fails_trigger_reauth_flow(hass):
test_removal(hass,
test_started_action(hass,
test_pubsub_subscription_failure(
test_zeroconf_host_already_configured(hass,
test_update_access_denied(hass:
test_manual_updates_existing_entry(
test_scrape_sensor_attribute_and_tag(hass:
test_ble_device_with_proxy_client_out_of_connections(
test_async_start_from_history_and_switch_to_watching_state_changes_single_expanding_window(
test_anna_max_boiler_temp_change(
testfilter("sensor.broken")
test_abort_if_authorization_timeout(
test_update_intervals(
test_continue_on_error_with_stop(hass:
test_state_sensors(hass):
test_statistics_during_period(hass,
test_owserver_connect_failure(hass):
test_signicant_change(hass,
test_attach_remove_unknown1(hass,
test_user_connection_error(hass,
test_import_owserver_with_port(hass):
test_setup_error_no_station(get_fuel_prices,
test_same_domain_included_excluded(hass,
test_flux_when_switch_is_off(
test_turn_off_switch_wifi_guest_network(
test_update_off_ws_with_power_state(
test_platform_with_auth_implementation(
test_manual_flow_works(hass):
test_import_invalid_auth(hass,
test_options_with_entities(hass):
test_turn_on_off(
test_reauth_project_error(hass:
test_full_state_loaded_on_start(hass):
test_fail_setup_if_no_command_topic(hass,
test_listen(hass,
test_referenced_entities(hass):
testfilter("binary_sensor.specificly_included")
test_reauth_shows_user_step(hass):
test_async_update_locked_multiple_updates(
test_update_with_target_state(port,
test_extract_entities_domain_states_outer_with_group(hass,
test_other_update_failures(hass:
test_ignore_variance(value_1,
test_event_media_render_invalid_device_id(hass,
test_discover_siren(hass,
test_sensors_on_owserver_coupler(
test_update_socket_error(hass,
test_if_fires_on_mqtt_message_without_device(
test_zeroconf_flow_already_configured(hass):
test_load_with_supervisor_without_diagnostics(hass):
test_invalidcalib(hass):
test_unknown_state(hass):
test_and_condition_shorthand(hass):
test_zeroconf_discovery(hass):
test_doorbell_chime_event(hass):
test_state_changed_event_include_globs(hass,
test_gateway_initialize_failure(hass,
test_options_webhook(hass,
test_humidifier_with_a_missing_linked_humidity_sensor(hass,
test_async_update_data_subscribed(
test_humanify_filter_sensor(hass_):
test_dismiss_notification(hass):
test_lock_unlock_unlocking(hass):
test_uptime_sensors(hass,
test_input_select_switch(hass,
test_flow_import_single_instance_allowed(hass:
test_flux_after_sunset_before_stop(
test_calendar_config_track_new(
test_humidifier_switch(hass,
test_create_additional_account(hass,
test_get_triggers_for_alarm_event(hass,
test_yaml_config_import(hass:
test_trace_json_encoder(hass):
test_tasmota_ws_remove_discovered_device(
test_onboarding_user_already_done(hass,
test_area_lookup(hass):
test_routing_setup(hass:
test_start(hass,
test_too_many_attempts(hass):
test_data_manager_webhook_subscription(
test_humidity_setting_humidifier_setpoint(hass):
test_ll_hls_playlist_bad_msn_part(hass,
test_remove_config_entry_without_app_credentials(
test_sensor_in_range_unknown_state(hass):
test_schema_input_number():
test_shutdown_closes_connections(hass):
test_event_start_trigger(hass,
test_heater_create_binary_sensors(hass):
test_waypoint_import_block(hass,
test_user_cannot_connect(hass:
test_unique_id_persisted(hass,
test_cloud_sets_with_correct_code(
test_cancel_wait(hass,
test_unique_id_update_existing_entry_without_reload(hass,
test_dhcp_nomatch_non_dhcp_packet(hass):
test_get_states(hass_history):
test_homekit_start_in_accessory_mode(hass,
test_service_snapshot_event_generate_url_failure(hass,
test_track_sunrise(hass,
test_missing_off_does_not_create(hass):
test_with_template_code(hass,
test_form_user(hass):
test_get_triggers_no_state(
test_validation_device_consumption_recorder_not_tracked(
test_discovery_by_homekit_and_zeroconf_same_time(hass,
test_pushbullet_push_device(hass,
test_self_reset_quarter_hourly(hass):
test_pair_grant_failed(hass,
test_begin_healing_network(
test_setting_sensor_last_reset_via_mqtt_json_message_2(
test_nbn_sensor_states(hass):
test_import_all_connection_failed(hass,
test_fail_setup_without_state_or_command_topic(hass,
test_switch_camera_highfps(hass:
test_on_off_select_new_join(hass,
test_flow_user_invalid_ip_address(hass):
test_setup_group_with_non_groupable_states(hass):
test_setup_login_failed(hass,
test_bad_data_from_update_method(hass,
test_multiple_config_entries_using_saved_credentials_with_unknown_api_error(
test_remove_entry_cancels_reauth(hass,
test_homekit_match_partial_dash(hass,
test_denylist(hass,
test_light_mac_address_not_found(hass:
test_form_user_with_secure_elk_no_discovery(hass):
test_bluetooth_discovery_no_BLEDevice(hass:
test_custom_threshold_works(hass,
test_smart_by_bond_device_suggested_area(hass:
test_setup_Q3D(com_mock,
test_version_parse_exception(hass,
test_switch_setup(hass):
test_at_start_when_running(hass):
test_options_flow_no_changes(
test_update_failure(airsensor,
test__async_current_entries_explict_include_ignore(hass,
test_validation_grid_no_costs_tracking(
test_activate_knx_scene(hass:
test_deprecated_functions(
test_events_one_day(
test_tcp(hass,
test_setup_entry_platform_not_ready_with_message(hass,
test_light_unique_id(hass:
test_steam_active(hass:
test_reauthentication_trigger_key_read_only(
test_light_rgbw_individual(hass:
test_update_sensor_no_state(hass,
test_webhook_update_location_without_locations(
test_entity_registry(hass:
test_uom_power(port,
test_block_device_app_type_light(hass,
test_x_forwarded_for_with_untrusted_proxy(aiohttp_client):
test_unsupported_rtsp_to_web_rtc_stream_type(
test_form_existing_config_entry(hass:
test_update(hass,
test_fanentity_attributes(attribute_name,
test_sensor_actions(hass:
test_controlling_state_via_topic(
test_state_brightness_color_effect_temp_change_via_topic(
test_options_template_error(hass,
test_trigger_entity_restore_state_auto_off(
test_custom_availability_payload(hass,
test_fetch_no_general_site(
test_doorbell_event_session_update(hass):
test_snooze_reminder(spa,
test_ok_struct_validator(do_config):
test_setup_unavailable_tv(
test_discovery_no_bluetooth_support(hass,
test_update_address(hass,
test_form_user_invalid_auth(hass,
test_config_flow_gateway_cloud_multiple_success(hass):
test_restoring_client(hass,
test_no_user_input(hass:
test_flow_reauth_valid_host(hass):
test_report_colored_light_state(hass,
test_not_compatible(
test_oserror_on_first_update_results_in_unavailable(hass:
test_setup_with_hassio(
test_light_state_rgbw(hass,
test_pushbullet_push_devices(hass,
test_if_not_fires_on_entity_change_with_for(hass,
test_hassio_clean_up_on_user_flow(hass:
test_database_lock_and_unlock(hass:
test_state_changed_event_exclude_entity(hass,
test_flux_after_sunrise_before_sunset(
test_found(
test_setup_camera_bad_data(hass:
test_cloud_states(hass,
test_hassio_already_configured(hass:
test_device_update(
test_setup_missing_config(hass):
test_validate_statistics(hass,
test_random_binary_sensor_on(hass):
test_home_create_sensors(hass):
test_trigger_with_delay(hass,
test_if_fires_on_state_change_with_for(
test_import(hass,
test_pubsub_subscription_auth_failure(hass,
test_sensor_unique_id(hass:
test_snips_config(hass,
test_browse_media_eventthumb(
test_lowpass(values):
test_formx(hass):
test_service_invalid_device_id2(
test_get_application_credentials(hass):
test_bus(hass):
test_skipfirst(hass):
test_coordinates_function_returns_state_if_no_coords(hass):
test_upnp_no_response(self):
test_node_comments(hass,
test_weather_sensor(hass,
test_user_owserver_duplicate(hass):
test_setup_serial_manual(com_mock,
test_update_ws_connection_closed(
test_form_auth_errors_test_connection(hass,
test_if_fires_on_entities_change_no_overlap(hass,
test_fossil_energy_consumption_no_co2(hass,
test_write_utf8_file_atomic_fails(tmpdir):
test_turn_on_fan_with_speed(hass:
test_app_auth_yaml_reauth(hass,
test_reload_service(hass,
test_alexa_update_expose_trigger_sync(hass,
test_if_state_not_above_below(
test_form_user_with_secure_elk_with_discovery(hass):
test_user_form_init(user_form):
test_discovery_update_sensor_template(hass,
test_validate_input(hass):
test_dhcp_already_exists(hass):
test_discover_dynamic_group(
