testUtilities.createConnection('/echo',
testUtilities.createHubConnection();
testUtilities.module("Transports
testUtilities.module("JSONP
testUtilities.module("Long
testUtilities.module("WebSockets
testCleanup();
testUtilities.createTestConnection(testName
testTcs.TrySetResult(null);
testUtilities.module("ForeverFrame
testUtilities.module("Core
testUtilities.module("Common
testUtilities.createConnection("foo");
testHandler.OnGet("/test",
testTcs.Task.OrTimeout();
testUtilities.createConnection(),
testUtilities.module("Response
testUtilities.createHubConnection(),
testUtilities.createTestConnection(testName,
testUtilities.module("Server
testUtilities.createConnection('jsonp/echo',
testUtilities.module("Redirect
testUtilities.createConnection();
testUtilities.module("Ajax
testUtilities.createTestConnection({
testUtilities.module("SignalR
testUtilities.createConnection(url,
testUtilities.module("Forever
testContext(
testHandler.OnPost("/test",
testUtilities.module("Send
testUtilities.module("Fallback
hub.server.echoReturn("Test
testUtilities.createHubConnection(end,
testUtilities.module("Hub
testUtilities.runWithAllTransports(function
testUtilities.createConnection("signalr",
testUtilities.module("Connection
testChange(
testUtilities.createHubConnection(function
TestMethod1()
