testPropsAll('animationName');
scripts.ShouldContain("Test
testGuidGenerator.CreateCalled.ShouldBeTrue();
responseBody.ShouldBe("[{\"name\":\"Test
testSubscriptions1.Count.ShouldBe(1);
testSubscription.WebHookDefinitions.ShouldBe(testWebHookSubscription.WebHookDefinitions);
testOptionsAction(testOptions);
testGuidGenerator.CreateCalled.ShouldBeFalse();
testOrder.Name.ShouldBe("Tester");
testItems.values.First().EntityDynamicParameter.DynamicParameter.ParameterName);
test()
test=''></p>",a.querySelectorAll("[test^='']").length&&e.push("[*^$]="+r+"*(?:\"\"|'')"),a.innerHTML="<input
testRegExp(pattern,
testOptions.Modules.Add<AbpAspNetCoreTestBaseModule>();
testPropsAll('boxShadow');
Information($"Test
Edition("Test
testImplicitResolving(state,
testSubscription.WebHookUri.ShouldBe(testWebHookSubscription.WebHookUri);
testDynamicProperty.Id.ToString(),
UserFriendlyException("Test
testSubscriptions3.Count.ShouldBe(1);
testSubscriptions2.Single().Id.ShouldBe(sub.Id);
testPropObj.hasOwnProperty(i)
testSubscription.TenantId.ShouldBe(testWebHookSubscription.TenantId);
testPropsAll('columnCount');
Alerts.Info("Test
CreateTestSubscriptionSync();//AppWebHookDefinitionNames.Test
testKeyword(value)
testPropsAll('boxDirection');
AbpValidationException("Test
testRegExp(body.value,
testOptions.Modules.Add<AppModule>();
testPropsAll('flexWrap');
testProps(
testPropsAll('borderRadius');
testSubscription.UserId.ShouldBe(testWebHookSubscription.UserId);
responseBody.ShouldBe("{\"name\":\"Test
testSubscriptions1.Single().Id.ShouldBe(sub.Id);
testDynamicProperty.Id.ToString()
testDocumentSeparator(state)
testItems.values.First().DynamicEntityProperty.DynamicProperty.PropertyName);
CreateTestSubscriptionAsync();//AppWebhookDefinitionNames.Test
testOrder.Language.ShouldBe("fr");
testContext(
testSubscriptions.Count.ShouldBe(2);
obj3.TestProp.ShouldBe("Test
testSubscription.Secret.ShouldBe(testWebHookSubscription.Secret);
testCase.UserNavigationManager.GetMenuAsync(mainMenuDefinition.Name,
testSubscriptions3.Single().Id.ShouldBe(sub.Id);
testRegistration.ShouldBeNull();
testProps([prop]);
testPropsAll(prop,
AbpAuthorizationException("Test
testPropsAll(
CreateTestSubscriptionSync();//AppWebhookDefinitionNames.Test
testOrder.Price.ShouldBe(100);
testDOMProps(props,
testPropsAll('boxReflect');
Product("Test
testChange(
testProps(props,
testPropsAll('borderImage');
testPropsAll('transition');
testDocumentSeparator(state))
tests[feature]();
testSubscriptions2.Count.ShouldBe(1);
testDOMProps(
testSubscription.Headers.ShouldBe(testWebHookSubscription.Headers);
CreateTestSubscriptionAsync();//AppWebHookDefinitionNames.Test
testPropsAll('backgroundSize');
testOrder.ProductCount.ShouldBe(3);
testDynamicParameter.Id.ToString(),
