testConnect(parsed,
test(arg)",
testUrl(value));\n\t\t\t\t\t}\n\t\t\t\t\tif
testEventTarget),\r\n\t\t\t(e)
testContentPart).Location("Content");
testPadding(parsed,
testAriaFormat(parsed,
testKeyboardPageMultiplier(parsed,
testCssPrefix(t,e){if("string"!=typeof
testSnap(parsed,
testComparator(version,
testStart(t,e){if(e=asArray(e),!Array.isArray(e)||!e.length)throw
test.on("close",
testAssemblyFileProvider.GetFileInfo(path);
testDirection(parsed,
test(array[i]))
test([arg]);")]
testCssClasses(e,r){if("object"!=typeof
testRunner.When("I
testCssPrefix(parsed,
testBranch(elseSchema);
testUrl(value));
testKeyboardDefaultStep(parsed,
testHost.CreateClient();
test('no
testRunner.OnFeatureStart(featureInfo);
testSchemaAt(text,
testRunner.Then("I
test(function
testAnimationDuration(parsed,
testPath.endsWith(targetPathEnd)))
testHandleAttributes(parsed,
testProp(
testContext(context)
testOrientation(parsed,
test\r\n\t\tthis.createRequest('|',
testKeyboardMultiplier(parsed,
testBehaviour(t,e){if("string"!=typeof
test").Wait();
testLimit(parsed,
testAssembly.GetManifestResourceStream("Orchard.Tests.Localization.PoFiles."
testKeyboardMultiplier(t,e){if(!isNumeric(e))throw
testPath.endsWith(nativePathEnd))
test(value))
testPadding(t,e){var
testProp(\r\n\t['transform',
testAlternatives(schema.anyOf,
testDirection(t,e){switch(e){case"ltr":t.dir=0;break;case"rtl":t.dir=1;break;default:throw
test.stdout.on("data",
testAssembly.GetManifestResourceStream("OrchardCore.Tests.Localization.PoFiles."
testContentPart).Location("Detail",
testProp(props)
testDocumentElement(parsed,
testPath.endsWith(targetPathEnd)))\r\n\t\t\t?
test(node)),
testSnap(t,e){if("boolean"!=typeof
testMargin(t,e){if(!isNumeric(e))throw
test(text)
testProp(\r\n\t['webkitTransition',
testDisjunction(version,
testRegexp.test(string)
testBehaviour(parsed,
testHandleAttributes(t,e){if(e.length!==t.handles)throw
test(publicInst)
testRunner.OnFeatureEnd();
tester(!scrutinee
testElements.push(testElement);
testKeyboardDefaultStep(t,e){if(!isNumeric(e))throw
test(string:
testFeatureExtensionInfo.Features.First(),
testFormat(t,e){if(!isValidFormatter(e))throw
testRange(parsed,
test.stderr.on("data",
test([arg]);",
testKeyboardPageMultiplier(t,e){if(!isNumeric(e))throw
testContext(context.parentNode)
testConnect(t,e){var
testStep(parsed,
WorkflowExpression<string>("Test
testElement.classList.add('c1',
testAlternative(version,
testAriaFormat(t,e){if(!isValidPartialFormatter(e))throw
testRange(t,e){if("object"!=typeof
testRunner.OnScenarioStart(scenarioInfo);
testAlternatives(schema.oneOf,
testAnimate(t,e){if("boolean"!=typeof
testFunc.toString()).indexOf('testFn')
testElement.classList.toggle('c3',
test(value)
testOrientation(t,e){switch(e){case"horizontal":t.ort=0;break;case"vertical":t.ort=1;break;default:throw
testDocumentElement(t,e){t.documentElement=e}function
testMargin(parsed,
tests[name].t(parsed,
testFormat(parsed,
testOptions(originalOptions);
testAnimationDuration(t,e){if("number"!=typeof
testUrl(text)
testLimit(t,e){if(!isNumeric(e))throw
testOptions(options)
testTooltips(t,e){if(!1!==e)if(!0===e||isValidPartialFormatter(e)){t.tooltips=[];for(var
testProp(props:
testKeyboardSupport(t,e){if("boolean"!=typeof
testProp(\r\n\t\t['userSelect',
testFn()
testStep(t,e){if(!isNumeric(e))throw
testStart(parsed,
test=elt("span","â€‹");removeChildrenAndAdd(measure,elt("span",[test,document.createTextNode("x")])),0!=measure.firstChild.offsetHeight&&(zwspSupported=test.offsetWidth<=1&&test.offsetHeight>2&&!(ie&&ie_version<8))}var
testCssClasses(parsed,
testAnimate(parsed,
testKeyboardSupport(parsed,
test3)).join('')
testTooltips(parsed,
testRunner.OnScenarioEnd();
testCondition(ifSchema,
test(node),
test=display.measure.appendChild(elt("div",[elt("div",last)],"CodeMirror-linenumber
testContext(
testBranch(thenSchema);
testRunner.CollectScenarioErrors();
testPath.endsWith(nativePathEnd))\r\n\t\t\t\t||
testContentPart).Location("Content"),
testOptions(e){var
tester(id,
