testSuitesModel.getObject();
testSuite.getMessage())
testSuiteNode.get("endTime").asLong()
testIsVisible()
testCaseElement.element("failure");
testSuite.getBlobPath(),
testSignature()
testData.getCommands(),
testCase.getName()));
testSuite.getTestCases().size();
shouldApplyPathPattern()
testCasesModel.getObject();
testCasePatterns.matches(matcher,
testCases.stream().filter(it->{
testSuitePatterns.matches(matcher,
testSuiteNode.get("assertionResults"))
testSuite.getName(),
test.mode(name,
testSuite.getTestCases())
testCase.getTestSuite().getName();
testCase.getTestSuite().getName(),
testCase.getStatus()));
testFile.getName());
test.test(value);
testJUnit()
testData.getDockerImage(),
testCaseElement.attributeValue("name");
testCases.stream().map(it->it.getTestSuite()).distinct().collect(Collectors.toList());
testSuite.getStatus()));
test();
testSuites.stream().filter(it->{
testSuiteElement.attributeValue("time");
testCase.getName()
testJUnitReport()
test(BlobIdent
testSuite.renderMessage("message",
testSuiteElement.elements("testcase"))
test.mode("identical_delimiters_with_parseDelimiters",
test.propertyIsEnumerable(value);
testCaseElement.element("error");
testSuiteNode.get("name").asText();
test()
testSuites.stream().flatMap(it->it.getTestCases().stream()).filter(it->{
testCase.getMessages())
testSuiteElement.attributeValue("name");
testCase.getTestSuite().getName()));
testSuite.getName()));
testSuite.getDuration()/1000;
testData.getCommands());
testCase.getTestSuite().getName()
testSuites.size();
testSuite.getName();
test(T
test(TestData
testpid()
testSuiteNode.get("message").asText(null);
testData.getDockerImage());
testDataClass.getDeclaredConstructor().newInstance();
testSuiteNode.get("startTime").asLong();
testSuiteElement.attributeValue("skipped");
testSuite.getSourcePath(),
testCase.renderMessage("message",
