testCaseElement.getChildNodes();
testOneStream()
testFetcherNotIdleAfterSplitAdded()
testPojoWithGenericFields()
testCoGroupKeySelectors1()
testComputeAllRunningGraph()
testFailedSystemPropertiesCredentialsValidationsOnMissingAccessKey()
testOffHeapUnsafeSegment()
testUnparsableIntForDeRegisterStreamTimeoutInConfig()
testingFatalErrorHandlerResource.getFatalErrorHandler(),
testingResourceManagerGateway.setSendSlotReportFunction(
testHashEnoughResourceOfMultiTaskSlot()
testKeyedValueStateSerializerReconfiguration()
testShouldWaitForHandlersWhenClosing()
testAllApis('f12,
testRecordSerDe(IngestionTime);
testRecordWriterClosedOnTransitStateError(ExecutionState
testJoinKeyInvalidAtomic5()
testChangelogNormalize()
testAllApis(8.years
testMessageInstances(Serializable
testInitialize()
testAddOnReleasedBlockingPartition()
testSerializer.getNestedSerializers()[1].getClass()
testSqlApi(sqlExpr,
testSavepointDisposal()
testJoinWithNestedKeyExpression1()
testHybridOffHeapUnsafeSegment()
testCorrectnessOfCrossOnTwoCustomTypeInputs()
testFailingPrimarySync()
testMarkFailed()
testDeserializationV1()
assertColExistOrTypeExceptionTest()
testSnapshotRestoreAsync()
KerberosDelegationTokenManager(null,
testRejectCoGroupOnHashAndRangePartitioning()
testMaxSupportedInputs():
testReporterNotifications()
testCoGroupKeyFieldNames5():
testCompatibleExchangeModeWithBufferTimeout(StreamExchangeMode
testSplitStripesCustomSplits()
testPythonFunctionWithCompositeInputsAndOutputs():
testNegativeNumberOfGPUs()
testEmittingFromWindowFunctionOnEventTime()
testEmitOnFlushWithCommitter()
testThatRecordOfSizeBiggerThanMaximumFailsSinkInitialization()
testMatchingDeployments()
testVariableLengthStringBuildAndRetrieve()
testSqlApi("TO_BASE64('')",
testEmptyParams()
testPutBufferSuccessfulGet(null,
testGetUserClassPathReturnEmptyListIfJobDirIsNull()
testRESTClientSSL()
testWindowAggregateOnUpsertSourceWithAllowLateness():
shouldFailToParseUriMissingBucketName()
testEnvironmentPluginsShipping()
testAddAfterRelease()
testTimestampWithLocalTimeZoneToDate()
testConversion(LogicalType
testInvalidTimeAndVarCharConversionInJoinOn()
testAll()
testNodePortService(KubernetesConfigOptions.NodePortAddressType.ExternalIP);
testKnownFSWithoutPluginsAndException()
testBookSerialization()
testSetKeyNamespaceWithSet()
testPartitionNotTrackedAndReleasedWhenFailedByJM()
testAddTwoNonFinishedBuffer()
testCreateDatabase()
testNewBarrierNotOverwrittenByStopPersisting()
batchFailoverWithKeyByBarrier()
testCloseAndDeleteInputView()
writeLargeFile()
testDeleteSymbolicLinkDirectory()
testJobSubmissionWithoutUserArtifact()
testFactoryHelperWithEnrichmentOptionsAndFormat()
testMultipleIterationsWithClosueBCVars()
testReturnLogicalSlotRejectsAliveSlots()
testUtil.verifyExplain(sql)
testingJobManagerRunner.completeResultFuture(archivedExecutionGraph);
testRemoveSlots()
testSingleChannelAbortCheckpoint()
testHowToHandleFailureUnrecoverableFailure()
taskTaskManagerFailuresAreReportedBack()
getAkkaConfigNormalizesHostName()
test_keyed_sum(self):
testPolling()
testDuplicateSlotOfferings()
canRespondWithNullValueRemotely()
testHarness.setProcessingTime(5100);
testRegularRead()
testCheckForInstantiationOfPrivateClass()
testSerializeOSSRecoverableWithIncompleteObject()
testExecutionModePropagationFromEnvWithBatchAndUnboundedSource()
testTriggeringCheckpointsWithIncrementalCheckpointType()
testUpdateIteratorFixedLengthSpill()
testMaxConcurrentAttempts5()
testCrossProjection28()
testInfiniteRetry()
testWithTimestamp()
testMemoryReleaseMoreThanReserved()
testBroadcastCancelCheckpointMarkerOnAbortingFromCoordinator()
testDeserializationFull(previousVersion,
testNormalization()
testPrintWithEchoGraph()
testCheckAndDeleteCorruptedBlobsDeletesCorruptedBlobs()
testCheckpointWithFinishedTasks(temporaryFolder.newFolder().toURI().toString());
testDataBufferTagAsEvent()
testWindowAggregateOnConstantValue():
testAllRowsPerMatch()
testKnownTaskManagerRegistration()
testGetters(nestedRow);
testSavepoint(savepointDir,
testLeaderAddressGetsForwarded()
testCancelOuterJoinTaskWhileSort2()
testCannotPushDownLocalAggWithUDAF()
testOneInput()
testSubclassOfTuple()
testFloatAndDoubleConversionInProjection()
testSqlInsertWithStaticPartition()
testRowNamed()
testEmptyCollectorReturnsNull()
testSqlApi("EXTRACT(ISOYEAR
testBasePath()
testObjectSerialization(1f);
addAndRemoveJobs()
testLowestWeightInNeighbor()
testParseMetricTypesCaseIgnored()
testServiceLoadingWithNonExistingPath(@TempDir
testAllApis("test".sha2(512),
switchStateBackend()
testJobCleanup(BlobKey.BlobType
testGroupingSets()
testAllApis(">\u263A<",
testOnlyMeasurableMetricsAreRegistered(
testAllApis(currentDate().cast(DataTypes.STRING).charLength(),
testAlterTableSerDe()
testResult(dataTypeFactory,
testAllApis('f0.repeat(2),
testDir.resolve(file3));
testProxy()
testWithoutKey(logicalSort)
testValidVariantWithNoJarAndNoArgumentsOption()
testGenerateDefaultSlotProfile()
testHashJoinCostFormulasWithCaches()
testTriggerSavepointRetry()
testTriggerCheckpoint(
testSqlApi(s"CAST(${decimal_38_18(-12)}
reuseBothPartitioningCoGroup4()
testCreateAllocatedSlotReport()
testConfigureOnCheckpointsCommitMode()
testSuccessfulDeletion(Path
testRunnableWithContextClassLoader()
testMinAndMaxAtRangeMinimumExclusive()
testResultFutureFailsOnDeserializationError()
testWrongCode()
testCheckAndUpdateConfigMapWhenConfigMapNotExist()
testRetrySuccess()
testCreatePartition_TableNotPartitionedException()
testGetMaxNumEdgesToTarget(34,
testIsFullTopicRanges()
testFailureClosesChannel()
testTokenizeSingleQuoted()
test_from_element_expression(self):
testKeepUsefulUnion():
testLegacyConfigCpuCores()
testGroupedReduceWithSelectorFunctionKey()
testConfigureDisableOffsetCommitWithCheckpointing()
testAlterPartition_PartitionNotExist_ignored()
testResultFutureWithSuccessAfterClose()
testUdf(false);
testHashFunction()
testCustomJarFile()
testAggregation()
testRecordPresence(File
testNameCollisionForKeyAndValueAfterGenericGroup()
testHarness.setup(new
testEventTimeTumbleWindow()
testRemoveNonOffloadedShuffleDescriptorCacheAfterFinished()
testUnrequestedInt()
testFailingSecondaryFlush()
testRegisterNewSerializerTwiceWithLazilyRegisteredStateSerializerProviderShouldFail()
testValuesFromRowExpression()
testEmptyTable()
KubernetesDeploymentTarget.fromConfig(configuration))
multipleWritesAndPersists()
testConstructWithBatchEnv()
testcontainersSettings.getLogger();
testReportIncompleteStats()
testComputeMemorySizeFailForNegativeFraction()
testHarness.getStreamTask().getCompletionFuture().get();
testSimplePatternCEP()
testResumeWithWrongOffset()
getConfigDirectoryFallbackToPodConfDir()
testJoinHintWithFullJoinAndLeftSideAsBuildSide()
testTwoCheckpointsComplete2nd()
testSerializationOnlyInProgress()
testPartitionReleaseOnCancelWhileFinished()
testNotEmitCommittablesWithoutCommitter()
testConfigurationViaJobConf()
testNotFollowedByNextAfterOneOrMoreCombinations()
testAddAlreadyExistingKey()
testPendingBatchSlotRequestTimeout()
testHash4MatchTask()
testReadComplexDataType()
testMetricQueryServiceSetup()
testGetTaskExecutorsWithAllocatedSlotsForJob()
testBroadcastRatioExceedsCapRatio()
testReducingWindow()
testDeserialization(String
testNoPartitionPushDownAndCatalogStatisticsExist()
testMergingOfExistingWindows(final
testFrontend.info(parameters);
testTumblingCountWindow()
testListCatalogs()
testInvalidPrimaryKeyInTemporalJoin():
testDistinctByKeyFields6()
testAllApis('f1.at("map
testLeftJoinWithAllFilterInONClause()
testHarness2.open();
testAssembleBucketPath()
@SuppressWarnings("CallToThreadRun")
testDelegationConfigurationWithNullPrefix()
testResourceProperties()
testTop1WithGroupByCount():
testLoadPodFromTemplateAndCheckSideCarContainer()
testTaskManagerRegistration()
testMissingJar()
testKeyGroupRange.getEndKeyGroup());
testHarness.setProcessingTime(1001);
testRangePartitioningErased()
testGetBuffersByConsumptionPriorityInOrderEmptyExpectedSize()
testCancelExecutionInteractiveMode()
testEqualNamespace()
testInstance.add(1);
testContentAddressableStream(TRANSIENT_BLOB);
testGetAllSortedByName()
testSnapshotAndRestore(@TempDir
testGetStagingDirWithSpecifyingStagingDir()
testingLeaderRetrievalDriver.onUpdate(newLeader);
testFailingQueuedSharedSlotScheduling()
testNoStartupPeriod()
testReadFieldsInvalidString()
testConnectToResourceManagerDeclaresRequiredResources()
testReadFieldsPojo()
testChangedOperatorName()
testJoinWithAtomicType1()
testSlotAllocationFulfilledWithPreferredInputOverwrittingSpreadOut()
testSpec.getDelimiter());
testAllApis('f40.reverse(),
testMemoryUsageInTheContextOfMemoryPoolCreation()
testTimeToSqlTypes()
testPartitionWithSameCreateTime()
testUserDefinedFunctionByUsingJar(String
testExplicitCasting()
testGetStatusOverview()
testCEPOperatorCleanupProcessingTime()
testUnionSameRowTime():
testDeserializeMapEmpty()
testObjectSerialization((double)
testOnSourceWithCustom()
testUpdateRestServicePort()
testOnEventTimePurgeDoesNotCleanupMergingSet()
testSnapshotSyncFailureFailsCheckpoint()
testRedundantParallelism()
testLoadPodFromTemplateAndCheckVolumes()
testPythonRequirementsCacheDirInfo()
firehoseSinkFailsWhenUnableToConnectToRemoteService()
testUploadIncompletePart()
testJoinHintWithJoinHintInCorrelateAndWithAgg()
testSqlValidationError(String
testMissingTypeInfo()
testManagedTable()
testRewriteRexProgram():
testWatermarkAfterNonMonotonousEvents()
testAddOnPartition(final
testHarness.clearTriggerState(new
testSummarize()
testStringTuplesSorting()
testSetNumAfterDestroyDoesNotProactivelyFetchSegments()
testJob.commandQueue.broadcast(FAIL,
testRightSideEmpty()
testParseStateFromIdWithInvalidCheckpointOffset()
testCompareShardIds()
testInnerJoinConstantNonDeterministicFunction():
testToUpperLowerCase()
testHarness.processElement(insertRecord(3L,
compoundWriteTestWithRestore()
testProjectFields()
testNoInsertAfterInvoke()
test_set_partitions(self):
testAggFilterClauseBothWithAvgAndCount():
testSpec("spaceInNames")
testDiscardAfterReplaceFailureWithSessionMovedException()
testReadFieldsNestedTuples()
testCreateHiveConf()
testAll(
testBoundedShardConsumesCorrectNumberOfMessages()
testMapStateDefaultValue()
testPersistMultipleMetadataOnlyCheckpoints()
testWrappedInterruptionExceptionNotSwallowed()
testConfig.setProperty(ConsumerConfigConstants.DEREGISTER_STREAM_RETRIES,
testMainThreadExecutor.execute(
testJoin()
testUDFReturningNull()
translateDistinctPlain2()
testFieldsFilter()
testSerializeOSSRecoverableOnlyWithIncompleteObject()
testData[0].getClass();
testGetWithoutExceptionWithoutFinishing()
testInvalidProjection1()
testRepeatBuildJoinWithSpill()
testHarness1.close();
testNodeSelector()
testInvalidStringParsingWithGet()
testWriteOnCheckpoint()
testConcurrentModificationWithApplyToAllKeys()
testSqlApi("IS_DECIMAL('3')",
testBuildLeftAntiJoin()
testFileDownloadedFromBlob()
testSnapshotRelease()
testPartialReduceWithDifferentInputOutputType()
testInputGateRemovalFromNettyShuffleEnvironment()
testWriteOnBulkFlush()
testAssertRowDataWithConversion()
test(Throwable
testUncheckpointedFaultTolerance()
testExecutionSlotAllocator.completePendingRequest(ev1.getID());
testRequirementDeclaration(RequirementDeclarationScenario
testGetUpsertKeysOnStreamExecDropUpdateBefore():
testNormalizeParallelismUpToPowerOf2()
testEstablishConnectionWithoutDriverName()
testNullableField(TINYINT(),
testPrimaryKeyNoColumn()
testOfClass()
testEnqueueOnTooManyPending()
testSimplifyCumulateWindowTVFBeforeWindowJoinWithLeftCalc():
testKeyAndNamespaceDeserializationTooMany1()
testGenericNonKeyType()
testRemoteJar()
testLocalityInputBasedForward()
testDestroyAll()
testDropTable_TableNotExistException()
testGroupedAggregateOfMutableValueTypes()
testNodePortService(KubernetesConfigOptions.NodePortAddressType.InternalIP);
testAreCompatible1()
testEventTimeTemporalJoinOnTimestampLtzRowtime():
testEventBufferSetAllocator()
singleDeferredWatermarkAfterIdleness()
testOverAggOnSortAggWithHashShuffle()
testTaskManagerRpcServiceShouldBindToHostnameAddress()
testAppendDataRequestBuffer()
tesPythonAggCallsWithGroupBy()
testUnionFields()
test_count_sliding_window(self):
testingRpcService.getExecutor(),
testClosesStreamIfReaderRestoreFails()
testProcTimeBoundedPartitionedRowsOverWithBuiltinProctime()
testSecondInputOfTwoInput()
testRetractAnStaledRecordWithRowNumber()
testDropFunction_FunctionNotExistException()
testRestoreLatestCheckpointedStateWithoutInFlightData()
testSetValue()
stringGaugeCannotBeConverted()
testDynamicTableSourceSpecSerde()
testInstantiationOfStringValueAndCastToValue()
testHarness.snapshot(1L,
testLeftOuterJoinWithLiteralTrue()
testSwap(seg1,
testTriggeringCheckpointWithFinishedChannels(
testAddAndLockRetrySuccessfulTransaction()
testLatencyTrackingMapState()
testHarness.setProcessingTime(14);
testParentFirst(
testRegisterMultipleLocalResourcesWithRemoteFiles()
testGetUpsertKeysOnRank():
testTableHint():
testIterativeWithLoopingStartingEager()
testCallbackNotCalledOnCreationOfSimilarPaths()
testBlobForJobCacheHa2()
testSumOfOAllNeighbors()
testKeepLastRowWithGenerateUpdateBeforeAndWithoutGenerateInsert()
testCreateNettyHttpClientWriteTimeout()
testStreamSourceSystemExitStreamTask()
testEquals()
testForbiddenLGPLongTextDetected()
testOperatorStatesSnapshotRestoreWithLocalStateDeletedTM()
copyDirectory()
testBasicUsage()
testParsing(TestSpec
@Timeout(600)
testingListener.getError(),
testDetachedModeSecureWithPreInstallKeytab()
testMultipleAggregateOnSameWindowTVF():
testCancelMatchTaskWhileSort1()")
testBuildAndUpdate()
testHarness.processWatermark(createLegacyWatermark(Long.MAX_VALUE));
testSnapshotUtilsLifecycleWithSavepointFormatType(SavepointFormatType.CANONICAL);
testAllApis(30.days
revokeLeadership_terminateService_multiLeaderSessionDisabled()
testWithSimpleGraphWithMaximumScore()
testLowToHigh(15,
testHarness.setProcessingTime(epochMills(shiftTimeZone,
testStartTracking()
testBuildElasticsearchSink(ElasticsearchSinkBuilderBase<?>
testArrayToString()
testTriggerHandlesAllOnTimerCalls()
testIteratorResetWithRandomAccessSpill()
testUnsupportedCastFrom("DATE")
sinkToAllowBatchSizesEqualToByteWiseLimit()
testKeyGroupSnapshotRestore(15,
testAllApis("Абвгде"
testKafkaTableWithMultipleTopics()
testHarness.getStreamConfig().setOperatorID(new
testNotifyCheckpointComplete()
testCollectSinkConfiguration():
testHarness.setKeySelector(2,
testDeserializationWithMetadata()
testMultipleYarnShipOptions()
testMultiplePartitionKeysWithPartialKey()
testInstance.createFactory(
testAllApis("test".sha2(384),
testLeftOuter10()
testCoGroupWithMultipleKeyFieldsWithInnerClassKeyExtractorWithClosureCleaner()
testInsertExtendedColumnAsStaticPartition2()
testLoadingRestartStrategyFromConfiguration()
testProcessingTimeCumulativeWindows(ZoneId.of("Asia/Shanghai"));
testNonKeyPojoField()
testProvider.previousSchemaSerializer()
testInvalidDecreaseFactor()
testInvalidParameters()
testStatusWhenJobFinished()
testDeserializationOfUserCodeWithUserClassLoader()
testUberjarLocator()
testConcurrentTimeoutableCheckpointBarrier()
testSqlAccessingNotNullRow()
testRestartTM()
testJoinHintWithRetryToRetryStrategy()
testAllApis('f16.extract(TimeIntervalUnit.MONTH),
test("boolean",
testWriteTwentyThousandRecordsToGenericSink()
testGetContainerCompletedCauseForPreempted()
leaderRmTerminated_terminateService()
testJoinProjection21()
testGetClassLoaderInfo()
testAllApis('f33.sha384(),
testName.get();
testGetConsumedPartitionGroup()
testFileUploadUsingCustomFilenameWithParentFolderPath()
testSumAggregation()
testTimeSpanBelowUpdateRate()
testTraversableOnce()
testWithGenerateUpdateBefore()
testNonForwardedNestedPojo()
testAllApis('f16.extract(TimeIntervalUnit.QUARTER),
testWatchDogInterruptsTask()
testDeploymentStart_batch_notTriggeredIfOneDeploymentIsRunning()
testDynamicSlotAllocation()
testNaming()
testObjectSerialization(Double.NEGATIVE_INFINITY);
testSortingPreserved4()
testCompositeKeyOnNestedPojo()
test_process_multiple_side_output(self):
testCompleteCheckpointsOnLateBarriers()
testBoundaryCopy()
testAllApis(map(1d,
testStateRecoveryWhenTopologyChangeIn()
testDelete(null,
testTwoInputJobFailingEdgeMismatch()
testPandasProcTimeBoundedPartitionedRowsOver():
testBlockingJobManagerRunner()
testKeyGroupedInternalPriorityQueue(false);
testMaxConcurrentAttempts2()
testLastReleaseDisposesResource()
testAbortIgnoresMissing()
testOneInputOperator()
testStateRecoveryWithTopologyChange(TestScaleType
testLowToHigh(int
testNonCoordinationMode()
testMapSerialization(
testLoadSpiImplementation()
overridingKeyWithTheSameKeyName()
recoverJobs_withRecoveryFailure_failsFatally()
testInputs)).isEqualTo(11);
mergeOverwritingComputedColumnWithMetadataColumn()
testGeneralEventTimeTumblingGroupWindowOverCount():
testData.put(10,
testExecutionSlotAllocator.completePendingRequest(attempt1.getAttemptId());
testCurrentDatabase():
testPutChunkedStreamSuccessfulGet2()
testInterleavedCancellationBarriers()
testInvalidSchema()
testOpenWithMissingObjectName()
testUnorderedWaitUserExceptionHandling()
test.createOrUpdateInternalState(StringSerializer.INSTANCE,
testContext.setRunning();
testCommitterException()
testGateway.foobar(expected);
testGetCurrentState()
testHandleSplitRequestAfterSwitchAndReaderReset()
testNormL2Square()
testSimpleClose()
testUnrequestedIntWithDefaultValue()
testPredefinedAndOptionsFactory()
testPutAndGetNodeWithNoneZeroOffset()
testSqlApi("MINUTE(f17)",
testExceedsThreshold()
testAllApis('f4.sign(),
testGlobalNonDeterministicAggOnAppendSourceSinkWithoutPk():
testForwardAttemptSourceEvents()
testGetNioBuffer(ReadOnlySlicedNetworkBuffer
testRegularHeartbeat()
testFirstTaskMappingOnScaleDown()
testWithoutCatalog()
testUDFBin()
testFindOnlyEntryClassSingleJar()
testInnerJoinWithAllFiltersFromWhere()
testQuiesceableContextNotQuiesced()
testAggAndLeftJoinAllConstantKeyWithTryResolveMode():
testCoGroupKeyFields1():
testBulkWritingLargeNumberOfBuffers(@TempDir
testCompressedRead(@TempDir
setMaxValid()
verifyBitSetSize1()
testComposeAsyncIfNotDone()
testTriggerSavepointAndResumeWithFileBasedCheckpoints()
testNullValues()
testSchema(TableResult
testGetFailsIncoming(new
testReportAllocatedSlot()
testInputLocalityIsRespectedWithRescaleEdge()
testWebCancelFeatureFlag(boolean
testTableApiFlattenStructuredType()
testCreateTableWithQueryWatermarkExpression()
testNullableField(Types.STRING,
testInputFromRow()
testGetHostname2()
testUnrecoverableErrorCheck()
testNewSavepointEnforceUniqueUIDs()
testUseCaseWeightsConfiguredWithConflictValue()
testRegistryNormal()
testCorrectNumOfCollectedRecordsAndUpdatedStateWithAggregatedRecordsWithSubSequenceStartingNumber()
testFreeingOfReservedSlot()
testData(StreamExecutionEnvironment
testThreeVerticesConnectSequentially(true,
dumpTPCH3()
testOfferSlots(false);
testAssignedToPartitionIngestionTime()
testAllApis('f25.acos(),
testMultipartAndIncompletePart()
testHarness.processWatermarkStatus(1,
testSerialIncrementAndDecrementWithCustomDisposeCount()
testExceptionHistoryWithPreDeployFailure()
testRequirementsUnchangedOnNewSlotsNotification()
testForwardsSetAllocator()
matchPreferredLocation()
testingHighAvailabilityServices.setCheckpointRecoveryFactory(checkpointRecoveryFactory);
testCreateTemporaryView()
testGetUpsertKeysOnDefault():
testTimestampStartingPositionWithEmptyShard()
testRequirementCheckOnlyTriggeredOnce()
testServerInitializationFailure()
testResultSetToRowBasedRowSet(DataTypeSpec
testJoinCostFormulasWithWeights()
testTimeoutAlignmentConsistency(
testSqlApi("f0",
testCauseChaining()
testSplit1()));
testBatchExecutionManagerCanBeInstantiatedWithBatchStateBackend()
testReleaseFail()
testReservationPrioritization()
testReadPojoFromSimpleRecord()
replaceWithEmptyLine()
batchMixedKeyedAndNonKeyedMultiInputOperator()
suspendJobWillIncrementVertexVersions()
testSize()
testRequestKvStateWithoutRegistration()
testEmptyHadoopConfDirectory()
testStateAndTimerCleanupAtEventTimeGarbageCollection()
inProgressFileShouldBeCommittedIfWriterDoesNotSupportResume()
testSwitchFromEnablingToDisablingWithRescalingIn()
testSerdeBackwardCompatibility()
testReset()
testInactivityPeriodWithLateNotify()
buildTopologyInStreamingJob()
testSqlApi("FROM_BASE64('aGVsbG8gd29ybGQ=')",
testIncludeFileWithAnyCharacterMatcher()
testCreateTableLike()
testConfig.setProperty(AWSConfigConstants.AWS_ACCESS_KEY_ID,
testCustomStateBackend()
testNotFollowedByWithinAtEnd(WithinType.FIRST_AND_LAST);
testRestoreSerializerWithSameFields()
testFreeWriteReadOptionsAfterClose()
testNegativeNewBufferSize()
testFetchResultsInRunning()
testBase(
testTimeoutExceptionHandling(
testNoProcessingTimeFiringForGarbageCollectedMergingWindow()
batchMixedKeyedAndNonKeyedTwoInputOperator()
testNotTerminationWithoutGloballyTerminalState()
testRelaxedExpirationOnRead()
testSetPathsOnePathNull()
testLateMerging()
testJsonArrayAggInGroupWindow()
testMultipleTopicsWithLegacySerializer()
disableOperatorChain()
testExponentialBackoffDelayRetryStrategyWithCustomMaxAttempts()
doLoginMustLoginWithTGT()
testHashPartitioningPreserved2()
testDeltaConnectedComponentsWithParametrizableConvergence()
testSymbolValueLiteralExtraction()
testSortKeyChangesWhenOutputRankNumberAndNotGenerateUpdateBefore()
testDeserializeMoreColumnsThanExpected()
testEventTimeHopWindow_GroupingSets():
testDeregisterApplicationSucceeded()
testBlockingPartitionBufferPool()
testVersions.add(FlinkVersion.v1_9);
testGetSize(bd,
testThrowIfKeySerializerNotSet()
testSimplifyHopWindowTVFBeforeWindowJoinWithTwoCalc():
testWhitespacePartValue()
testSqlApi("LTRIM(f0,
testConfigLegacyHeapMemory(conf,
testOpsOnFreedSegment(segment);
testCast()
assignSplitsForExclusiveSubscription()
testTupleWithNestedPojo()
testReadBufferResponseWithReleasingOrRemovingChannel(true,
testFalseWhenNotActive()
testDiscardStateForNonExistingFileWithEDeleteCallFailing()
testHarness.advanceWatermark(4,
testRecordCollections.hashCode();
testResourceManagerRecoveredAfterReconcileTimeout()
testExecuteInternalRowMergerFunction(consoleOutput);
testRegisterPendingResourceAfterClearingRequirement()
testWriteBytesMethodFailsOnClosedOutputStream()
testSwitchExecutorForNormallyCompletedFuture()
testSkipTillNextOneOrMore()
testFailingSortCoGroupTask()
testCdcWithMetaSinkWithoutPk():
ignoreMultiCharPrefixComments()
testPartitionTableWithColumnsNotExisted()
testGroupByKeyFieldsOnPrimitiveArray()
testJoinsCorrectlyWithMultipleKeys()
testExceptionIsolation()
testNumberOfOutstandingAcknowledgementsOnEmptyState()
testPhysicallyRemoveDuringSyncPartOfSnapshot(SnapshotVerificationMode.SERIALIZED);
testGet()
testTime.getClock().absoluteTimeMillis()
invalidCharactersAreReplacedWithUnderscore()
testShouldReturnTrueWhenKerberosCredentialsArePresent()
testCloseMethodForwarding()
testWithDifferentKeys()
testProjectSchemaWithNameConflict()
testUnparsableDoublEforRegisterStreamBackoffExponentialConstantInConfig()
testGenerateJvmParametersWithoutDirectMemoryLimit()
testIsNonEmpty()
testProjectWithWatermarkFilterPushdown():
testCassandraSink.getAcquiredPermits());
testGetterCopy()
testFromFailedExecutionWithoutFailure()
testUdfInRemoteJar()
testSettingMaxNumberOfCheckpointsToRetain()
testJoinHintWithAntiJoinAndRightSideAsBuildSide()
testExceptionPropagationFuturePiping()
testGetInfoAndApiVersion()
testAllApis(-'f7,
testHarness.processElement1(insertRecord(1L,
testRowTimeDeduplicateKeepLastRow(true,
testFilterWithBroadcastVariables()
testTableApi('f0.get(555),
mergeExcludingPartitionsOnDuplicate()
testDualGroupingPreserved()
testWriteBigDataAndPersist()
testCompareShardId()
testEnvironment.getConfig().enableObjectReuse();
testConsumeQuicklyWithNDataBuffers(
testData.size())
testValidateSchedulingRequirements()
testNegativeTotalSize()
testIdleSessionCleanup()
restartVerticesOnAssignedSlotReleased()
testSpanningRecordUnconsumedBuffer()
testManagedMemoryFractionForUnknownResourceSpec()
testFsStateBackend()
testPermanentJobReferences()
testAllocateLogicalSlotIssuesUniqueSlotRequestIds()
testExcludeFields()
testPartitionRequestSingleBackoff()
testSuspendCanBeCalledWhenExecutionGraphHasReachedGloballyTerminalState()
testKafkaSourceSink()
testTwoLevelGroupByLocalGlobalOn():
testSqlApi("CHAR_LENGTH(CAST(NOW()
testTemporalTypeEqualsInvalidStringLiteral():
testHarness.processElements(committableRecords(inputs));
testDot()
test_aggregate_with_pandas_udaf_without_keys(self):
testOnPartitionStateUpdateWhileDeploying()
testHarness.waitForTaskCompletion();
testHideSensitiveValues()
testRpcTriggerCheckpointWithSourceChain()
testSimpleConditionWithCastToTrue():
testFailedEntriesAreRetriedInTheNextPossiblePersistRequestAndNoLater(sink);
testUnaryOp()
testPartitionKeyLessDistribution()
testSqlApi("lpad(f35,
testHiveserver2ExecuteStatement()
testThreadPoolSizeInProducerConfiguration()
publishTimeStopCursor()
testAlterTableReset()
testInvalidStringSerializability(structuredType);
testSqlApi("LTRIM('abcddcba',
testGetValue()
testSkipToFirstNonExistentPosition()
testPythonFunctionWithCompositeInputsAndWhereClause():
testDeserializationReuseAvroRecordFalse()
testNonStrictContiguity()
testSetLatencyTrackingStateConfig()
testKafka()
testClusterPartitionReuse()
testAllApis('f12.at(1).get("arrayField").at(1).get("stringField"),
testNotCleanHigherCheckpoint()
translateAggregate()
testEventTimeSessionWindow():
testFromValues()
testSemiJoinIN_WTF():
testEnv.getCheckpointUri(),
testBoundaryEquals()
testUnknownDescriptorWithOrWithoutLazyDeployment()
testBufferResetWithSpill()
testCreateNettyAsyncHttpClientTrustAllCertificates()
testMemoryBackendHighAvailabilityDefault(
testDirtyJobResultRecoveryInApplicationMode()
testMetastorePolicy():
testSuspendedOutOfFailed()
promoteJobPartitions()
multiThreaded()
testCleanUpOnShutdown()
testProcTimeTemporalJoin()
testEventBufferIsBuffer()
testSetup.getStopTrackingPartitionsTargetResourceId().get(),
testStopTrackingPartition()
testCombineTask()
testJobMasterTerminationIsHandled()
testMapInternalElementConversion()
testHelpCommands(String
testEmptyAs()
testShardConsumerExitsWhenRecordPublisherIsInterrupted()
testCleanupWhenCommitFailed()
testDelegateOutStreamMethods()
testMixedCase()
testRecordWriterClosedOnError(
testZeroMaxSizeHistory()
testNonNullFieldTypeWithDefaultPartitionName()
testSqlApi(s"CAST(${decimal_38_18(Byte.MaxValue
testBoundedness()
testAllApis('f19.extract(TimeIntervalUnit.MINUTE),
testPauseResumeSplitReaders(boolean
testSimpleJoin():
testInstance.handleExecutionsTermination(Collections.singleton(ExecutionState.FINISHED));
testNotFollowedByWithinFirstAndLastAtEnd()
testSetResourceInformationIfMethodAbsent()
fetchNonPartitionTopic()
testCaseElement.setAttribute(TEST_CASE_NAME_ATTR,
testThatSslIsInitializedForSslProperties()
testAllWindowLateArrivingEvents()
testJobManagerCommandsAndArgs(KubernetesDeploymentTarget.SESSION.getName());
testStopWithSavepointFailingInSnapshotCreation()
testSemanticPropsWithKeySelector3()
testDirectNonDirectBuffer()
testCreateKeyGroupPartitions(13,
testingContender.waitForLeader(timeout);
testOperatorEventAckDelay()
testToUpsertSink():
testNotifyAbortCheckpointBeforeCanellingAsyncCheckpoint()
testFindAvgAggType()
testNullability(symbolType);
testAddVertex()
noMoreSplits()
testInnerJoin()
testLibraryCacheManagerRegistration()
testDateToTimestampWithLocalTimeZone()
testExternalHashRightOuterJoinTask()
testServiceClassify()
testFrontend.stop(parameters))
testBufferedUpsertSink()
testStopWithSavepointRequestCanBeParsedFromEmptyObject()
releaseSlotIfVertexVersionOutdated()
test_side_output_chained_with_upstream_operator(self):
testBroadcastStateMetaInfoSerialization()
testPathConversion()
testForwardedInvalidTargetFieldType2()
@SuppressWarnings("ConstantConditions")
testParquetFormatStatsReportWithEmptyFile()
testInitializationWithAllValuesBeingSet()
testSchema(result,
testDefaultBatchProperties()
test_csv_default_quote_char(self):
testCompleteStatement()
testAssignerWithMultipleWindowsForTableAggregate()
testKeyedBackendSerializationProxyRoundtrip()
testSkipPartialDataStartWithinBuffer()
testCreateTableWithWatermarkOnNestedField()
testMultipleInputTransformation()
testSqlApi("CAST('1999-9-10
testingJobManagerRunner.completeResultFuture(executionGraph);
configurationIsForwarded()
testSharedStateNotDiscaredOnAbort()
testDiscardAllCheckpoints()
testRecordWriterClosedOnTransitStateError(ExecutionState.DEPLOYING);
testConcurrentMapIfQueryable()
testWithtuple1Value()
testNestedKeyOnNestedPojo()
testOnExecutionStateChangeToFinished()
testKeyAndNamespaceDeserializationTooShort()
testCreateHiveCatalogWithHadoopConfDir()
testFirstNOnUngroupedDS()
testNoAddress()
testHarness.processEvent(barrier,
testReaderRegistrationTriggersAssignments()
testAllowProgramConfigurationWildcards(
testNoProcessingTimeFiringForPurgedWindow()
testParameters()
testWindowAggregateOnRetractStream():
testOnStopExecutedByMainThread()
testUnaryFunctionReadFieldsAnnotation()
testPutStreamSuccessfulGet4()
testCassandraSink.getAvailablePermits());
testPendingStateMatches(WithinType.PREVIOUS_AND_CURRENT);
testBinaryForwardedOverwritingInLine6()
testDelimiterNext()
testContextPassingNormalExecution()
testOnTumbleWindowAggregate():
testNotFollowedByBeforeZeroOrMoreCombinationsSkipTillAny()
testStopWithMaxWMAndExplicitSavepointDir()
testThreeVerticesConnectSequentially(
testHarness.processElement1(insertRecord(toUtcTimestampMills(1L,
testWithDefaultWithoutParameter()
testStateRecoveryWhenTopologyChangeOut()
testAllApis(atan2('f27,
getProducedType()
testRichCondition()
testDecideParallelismForForwardTarget()
testSinkWithTopicListOrTopicPattern()
test.getD().getA().getA());
testRightOuter1()
testResumeAfterCommit()
testTaskCheckpointTriggeredByMasterHooks()
testFlinkConf.setString(SecurityOptions.KERBEROS_LOGIN_CONTEXTS,
testMultipleSplits(
testOperatorMetricReuse()
testConjunctFutureFailureOnSuccessive()
testGetNioBufferReadableThreadSafe()
testGetOptionalFromString()
testListFilesInPath()
testRejectedOnInvalidLicenseFile(@TempDir
testIdentityMapWithMissingTypesAndStringTypeHint()
testTableApi('f2.at(0),
testCustomPartitioningKeySelectorReduce()
testMaxOutOfRangeExclusive()
testGetRelMonotonicityOnChangelogNormalize():
testReduceWindowStateReader()
testAllApis('f15.degrees(),
testWithoutKey(batchSortLimit)
testExpandQueryWithSystemAlias():
testRead()
testCustomPartitioningNotReused()
testArchiveFailedExecutions()
testGetName()
testAsWithAmbiguousFields()
testGenericPojoTypeInference2()
testTimestampAndProcessingTimeQuerying()
super.testSnapshotConfigurationAndReconfigure())
testPutStreamTransientSuccessfulGet4()
testProcessingTimeTumblingWindows(ZoneId.of("Asia/Shanghai"));
testShuffleMode()
testCorrectBufferSizeCalculation()
testGetTotalFields()
testSqlApi("LOG(-1)",
testCreateTableWithComment()
testInstance.getJobClassName().get(),
testExceptionallyCompletedResultFutureFromJobMasterServiceProcessIsForwarded()
testApplicationClusterWithLocalUserJarAndDisableUserJarInclusion()
testFromString()
testSavepointCompletedWithException()
testResettableIterator()
testSimpleDynamicFiltering(BatchShuffleMode
testEnsureCheckpointSchedulerIsStartedAgain()
launch_withNonDefaultConfiguration_forwardsConfigurationValues()
testSumOfAllNeighborsNoValue()
testRetainBuffer(false);
testJaasModuleFilePath(symlink.toString()
test(tupleTypeInfo,
testingSchedulerOperation.getScheduledVertices();
testExcessResourcesAreAssignedOnResourceLoss()
testRetrieveCorrectUserClasspathsWithSpecifiedEntryClass()
testSqlApi("concat(f35,f36,f33)",
testGetStatisticsMultipleFilesNoCachedVersion()
testMaxBundleTimeMills()
testingLeaderElectionService.stop();
testWithKryoGenericSer()
testSimpleGraph()
testRowTimeBoundedDistinctPartitionedRangeOver():
testSortSecondCoGroupTask()
testDisablingStateBackendOneInputTransformation()
testNonForwardedPojo()
testCdcJoinDimWithoutPkSinkWithoutPk():
testMapRedCsvFormatHiveTableSourceStatisticsReport()
testReserveSegmentsAndCancel()
testHarness1.processElement(i,
testReleaseForJob()
chainedRetryStrategiesAcceptExceptionsOnTheFirstItemOfChain()
testProcessingTimeTumblingWindows(UTC_ZONE_ID);
testAsyncCheckpointFailureTriggerJobFailed()
testException.getMessage())));
testTemporalTableSourceSpecSerde(TemporalTableSourceSpec
testMultipleSourcesOnePartition()
testShardConsumerCompletesIfResourceNotFoundExceptionThrownFromSubscription()
testBuildSecondWithHighNumberOfCommonKeys()
testRowToString()
test.assertEqual(result1['string'],
testFunctionReturningNull()
testIterationConfiguration()
testDefaultParallelismRespectedWhenLessThanMaxParallelism()
testExplainDetailsWithSelect()
testWatermarkPropagationNoFinalWatermarkOnStop()
whenImmediateOutputBecomesIdleWatermarkAdvances()
test_slot_sharing_group(self):
testTerminateStalledOutputStreams()
testCreate()
testSqlApi("HOUR(f17)",
testMaxParallelismDefaulting()
testInitCatalogs()
testNoStateBackendDefined()
testLeftOuter1()
testInsertField()
testLatencyMarker()
testSqlApi(s"FLOOR(${timestampTz("2021-02-27
testFromMapOrProperties()
testRunWithConfiguration()
testSavepointHandling()
testForEachProcessingTimeTimerUnsupported()
testInputSelectionNormalization()
testMissingTypeInference()
testAddAllRecorded()
testIntersectWithPairs()
testPartialPushDownWithVirtualColumn()
testSerializationWithWriteBigDecimalInScientificNotation()
test_table").execute_insert(sink_table).wait()
testSqlApi("locate('test',
testReflectionInterception()
testCompressBufferWithNonZeroReadOffset()
testOpenCloseAndTimestamps()
testJoinProjection33()
serializeMeterWithoutHost()
testOverAggOnSortAggWithGlobalShuffle()
testExecutorExtension.getExecutor(),
validatePrimaryKeyOnIllegalColumn()
testUpdateIteratorVariableLengthLess()
testCounter.add(value);
testDistinctByKeyFields4()
testTableApi(map(BigDecimal(1),
testSourceWithDefaultValueOfPb3WhenTrue()
testStateAndTimerCleanupAtEventTimeGarbageCollectionWithPurgingTrigger()
testDoubleProbeInMemory()
testCoGroupKeyAtomicInvalidExpression1()
testSpec.typeInferenceExtraction.get().getTypedArguments(),
testSerializeRowDataWithRowKind()
testHarness.getStreamTask().getConfiguration().getInputs(testHarness.getClass().getClassLoader());
testTrySetMaxConcurrentRequestViaJavaSystemProperty()
testObjectSerialization(Float.MIN_NORMAL);
testNonPartStreamingMrWrite()
testCoGroupKeyFieldNames4():
testFailTupleIndexOutOfBounds()
testAllApis(nullOf(DataTypes.INT).round(-2),
testBucketsNotFulfillSegment()
testConvertSessionHandleAndOperationHandle()
testAllApis(+'f6,
testAllApis(">\n<",
testingFatalErrorHandler.rethrowError();
testInvalidEventTime()
testJoinWithJoinConditionPushDown():
testEagerZeroOrMoreSameElement()
testConstantRankRangeWithoutRowNumber()
testCheckpointSettingsArchiving()
testTypeStrategy()
supportRetry()
testThatExceptionIsThrownForOuterJoinTypeNull()
testFunctionWithNonExistClass()
testExceptionOnCreateCacheDirectoryFailureForJobPermanent()
subscribeNonPartitionedTopicPattern()
testPipelinedPartitionConsumable()
testStreamSeekAndPos()
testForwardedInvalidTargetFieldType5()
testLatestOffsetsInitializer()
testSlidingCountWindow()
testSpec.instances.toArray(
testBackoffTime()
testProcessingTimeAndEventTimeDontInterfere()
testSchemaSerialization(Map<String,
testSimplePatternWSameElement()
