testCodegenAttach();
SegmentAllocator.newNativeArena(10,
NOTMaskedByteMaxVectorTests(IntFunction<byte[]>
maskCompressLong512VectorTestsSmokeTest(IntFunction<boolean[]>
ASHRLong512VectorTestsScalarShiftConst(IntFunction<long[]>
testOutLen(Cipher
descendantExpTests(String
maskEqualsInt128VectorTestsSmokeTest(IntFunction<boolean[]>
test_char_2()
REVERSELong64VectorTests(IntFunction<long[]>
testVectorCastLongMaxToShort(lspecMax,
castShapeD2F_512_To_64(IntFunction<double[]>
test_virtual_space_actual_committed_space(12
testVectorCastIntToInt(a,
test_vthread_resume_all(jni,
chainedCopy()
convertShapeD2I_128_To_128(IntFunction<double[]>
testRorAddInt16(int
testIntConLT(int
reinterpretShapeD2S_256_To_256(IntFunction<double[]>
sqrtFloat256VectorTests(IntFunction<float[]>
castShapeL2I_128_To_256(IntFunction<long[]>
castShapeI2D_256_To_512(IntFunction<int[]>
testInt2Kernel(IntVector.SPECIES_256,
test(g2d.drawImage(ci,
RORLong512VectorTestsScalarShiftMaskedConst(IntFunction<long[]>
testVectorCastLongToByte(a,
testInit()
testJoin26()
unsliceUnaryDouble256VectorTests(IntFunction<double[]>
reinterpretShapeB2I_64_To_MAX(IntFunction<byte[]>
testOuter()
testMatrixAccess(Function<MemorySegment,
unsliceFloatMaxVectorTestsMasked(IntFunction<float[]>
testGetState6()
LSHLByte256VectorTestsScalarShiftMaskedConst(IntFunction<byte[]>
test(testTableShared);
testEnclosingClassesInNestedPackage()
@Arguments(Argument.RANDOM_ONCE)
ltLong128VectorTestsBroadcastSmokeTest(IntFunction<long[]>
testGetEnclosingOnMissingType()
testIntegerWithGuards1(E
testInvokeStatic6()
testRorOrLong16Or(long
testHeapToNative(v1,
testCgroupv1JoinControllerCombo()
BAccep_BConn_BIO_RW_2(ProtocolFamily
testHoldsLock1()
MAXReduceByte512VectorTestsMasked(IntFunction<byte[]>
testHeadersBuilder.setHeader(name,
toStringDoubleMaxVectorTestsSmokeTest(IntFunction<double[]>
ElementTypeShort64VectorTestsSmokeTest()
convertShapeF2B_256_To_MAX(IntFunction<float[]>
castShapeL2F_512_To_64(IntFunction<long[]>
GEShort512VectorTestsMasked(IntFunction<short[]>
reinterpretShapeS2F_Max_To_64(IntFunction<short[]>
convertShapeL2B_256_To_512(IntFunction<long[]>
maskTrueCountShort256VectorTestsSmokeTest(IntFunction<boolean[]>
convertShapeL2D_64_To_128(IntFunction<long[]>
testHeapLoopGetDoubleViewRO()
testF64toB64(byte[]
castShapeL2I_128_To_128(IntFunction<long[]>
testStoreWriterDateComment(final
reinterpretShapeB2D_128_To_64(IntFunction<byte[]>
castShapeI2F_64_To_256(IntFunction<int[]>
testJoinUntil4(ThreadFactory
LTShort512VectorTestsBroadcastMaskedSmokeTest(IntFunction<short[]>
test(true);
testEquals(TestBuilder
testFrame.setSize(new
MAXReduceDouble64VectorTests(IntFunction<double[]>
convertShapeF2S_Max_To_128(IntFunction<float[]>
convertShapeI2B_512_To_256(IntFunction<int[]>
LELong512VectorTestsMasked(IntFunction<long[]>
testContentLengthServer.start();
testVectorCastByteToByteFail(VectorSpecies<Byte>
test_helper(src,
testInheritedThreadLocal2()
reinterpretShapeL2B_512_To_512(IntFunction<long[]>
BITWISE_BLENDByte512VectorTestsMasked(IntFunction<byte[]>
ADDReduceInt512VectorTestsMasked(IntFunction<int[]>
LTByte512VectorTestsMasked(IntFunction<byte[]>
convertShapeB2S_64_To_64(IntFunction<byte[]>
testCase.apply("",
ABSMaskedFloat64VectorTests(IntFunction<float[]>
LTLong512VectorTests(IntFunction<long[]>
test_reserved_space2(size_t
testRunner.run();
testArrayFromNativeSegmentWithoutAccess(MemoryLayout
minInt512VectorTestsBroadcastSmokeTest(IntFunction<int[]>
maskHashCodeByte128VectorTestsSmokeTest(IntFunction<boolean[]>
compressFloat512VectorTests(IntFunction<float[]>
testOverloadAndVoidReturnType()
ADDDouble512VectorTestsBroadcastMaskedLongSmokeTest(IntFunction<double[]>
MULByte64VectorTestsMasked(IntFunction<byte[]>
NEGMaskedLong128VectorTests(IntFunction<long[]>
testVectorCastFloatToByteFail(fspec64,
convertShapeF2I_128_To_MAX(IntFunction<float[]>
castShapeF2F_256_To_128(IntFunction<float[]>
EQDouble512VectorTestsBroadcastLongSmokeTest(IntFunction<double[]>
castShapeF2S_128_To_256(IntFunction<float[]>
TANFloatMaxVectorTests(IntFunction<float[]>
test_char_0()
testDefaultNSContext()
testcase("A
reinterpretShapeS2I_128_To_MAX(IntFunction<short[]>
test(34);
testCountingDown(a,
testConvF2D(double[]
testSetForceInlineMethod0(method,
MULShort256VectorTests(IntFunction<short[]>
ANDShort256VectorTestsBroadcastSmokeTest(IntFunction<short[]>
testNotFoundHEAD()
convertShapeI2S_256_To_128(IntFunction<int[]>
testGetThreadCpuTime()
eqDouble64VectorTests(IntFunction<double[]>
maxDouble128VectorTests(IntFunction<double[]>
loadStoreByteBufferMask(IntFunction<long[]>
test_print_micros_noDecimalPoint(int
stringBuilderSubtituteCheckEscapedDollar()
test_rorc_n(long[]
SUBShortMaxVectorTestsMasked(IntFunction<short[]>
testRolrLongZeros();
testByte2();
ltLong128VectorTests(IntFunction<long[]>
indexInRangeLongDouble512VectorTestsSmokeTest(int
castShapeL2F_Max_To_512(IntFunction<long[]>
testIsFiniteCMov()
LTFloat256VectorTestsBroadcastLongSmokeTest(IntFunction<float[]>
testPipeReadWrite3()
testIllegalAnnotationName(InvalidAnnotation1.class);
testStart()
UNSIGNED_LTByte256VectorTestsMasked(IntFunction<byte[]>
testMapOffset()
maskFirstTrueDouble128VectorTestsSmokeTest(IntFunction<boolean[]>
MULByte256VectorTestsMasked(IntFunction<byte[]>
level4()
subLong512VectorTestsBroadcastMaskedSmokeTest(IntFunction<long[]>
testMethod_inlined(xy);
testDoWhileLoop(boolean
FIRST_NONZEROByte128VectorTests(IntFunction<byte[]>
test15(long
reinterpretShapeB2S_128_To_64(IntFunction<byte[]>
loadStoreArray(IntFunction<byte[]>
loadByteArrayIOOBE(IntFunction<float[]>
addShort256VectorTestsMasked(IntFunction<short[]>
castShapeS2L_256_To_64(IntFunction<short[]>
UNSIGNED_LEInt64VectorTests(IntFunction<int[]>
XORByte128VectorTestsMasked(IntFunction<byte[]>
testDirectBulkGetShortViewRO()
methodInvoke()
convertShapeS2F_512_To_256(IntFunction<short[]>
MINReduceLong256VectorTestsMasked(IntFunction<long[]>
reinterpretShapeD2L_256_To_64(IntFunction<double[]>
convertShapeI2B_128_To_64(IntFunction<int[]>
testInt6_Int128(r,
test6(rl,
convertShapeF2I_256_To_128(IntFunction<float[]>
castShapeF2L_256_To_256(IntFunction<float[]>
testRunOnce2()
test("",
testNewArray:"()[Ljava/lang/Object;"
testPortNotSpecified()
castShapeL2F_256_To_128(IntFunction<long[]>
blendDouble256VectorTests(IntFunction<double[]>
LTShort256VectorTestsBroadcastSmokeTest(IntFunction<short[]>
sliceBinaryShort64VectorTestsBinary(IntFunction<short[]>
ADDReduceInt256VectorTests(IntFunction<int[]>
test_ceil()
MINReduceShort64VectorTests(IntFunction<short[]>
castShapeF2S_128_To_64(IntFunction<float[]>
castShapeS2F_128_To_512(IntFunction<short[]>
testPassed();
testMulVL()
testUnmodifiableSetsDontWrap()
convertShapeS2B_Max_To_128(IntFunction<short[]>
SpeciesElementSizeLongMaxVectorTestsSmokeTest()
LSHLLong256VectorTests(IntFunction<long[]>
testIntConNE(int
testSecureHTTP2Unexpected101()
convertShapeB2I_256_To_256(IntFunction<byte[]>
castShapeI2D_256_To_64(IntFunction<int[]>
UNSIGNED_LTByteMaxVectorTests(IntFunction<byte[]>
reinterpretShapeS2L_512_To_128(IntFunction<short[]>
testVectorCastByteToShort(VectorSpecies<Byte>
testJavaLang()
testUnfiltered()
(tests.size()
testStoreScatter()
castShapeF2S_512_To_512(IntFunction<float[]>
test(Cipher
NEDouble64VectorTestsMasked(IntFunction<double[]>
testReflectionnativeLinker()
convertShapeI2I_64_To_256(IntFunction<int[]>
testD512toL512(double[]
testJcmdGetPid("EventGeneratorLoop");
testVectorCastDoubleToShortFail(dspec256,
testHeapLoopPutByte()
testCanonicalName()
testVectorCastIntToLongFail(ispec256,
testCancelledTask1(ExecutorService
countDownLoopWithNegScale()
AND_NOTShortMaxVectorTestsMasked(IntFunction<short[]>
testRorOrLong16Eon(val),
storeCharArrayMaskIOOBE(IntFunction<char[]>
castShapeB2F_Max_To_64(IntFunction<byte[]>
maskLastTrueFloat256VectorTestsSmokeTest(IntFunction<boolean[]>
testRotateRightI()
reinterpretShapeB2B_512_To_128(IntFunction<byte[]>
reluctantRepetitionTest()
test.cleanup();
testVectorCastLongToShort(lspec256,
loopBoundLongByte512VectorTestsSmokeTest(int
FIRST_NONZERODouble512VectorTests(IntFunction<double[]>
ADDLong256VectorTests(IntFunction<long[]>
UNSIGNED_GTLong512VectorTests(IntFunction<long[]>
ADDInt128VectorTestsMasked(IntFunction<int[]>
gatherShort64VectorTests(IntFunction<short[]>
testStridePosScaleNegInIntLoop1_runner()
testSerializableType(Path
test(gray,
convertShapeD2L_512_To_128(IntFunction<double[]>
reinterpretShapeI2I_256_To_64(IntFunction<int[]>
testExternalFileNotFound(Path
EQInt512VectorTests(IntFunction<int[]>
testNativeToHeap(int
testViaStream(gold);
testNotReadableFileGET()
convertShapeB2B_128_To_512(IntFunction<byte[]>
testRunnableThread()
convertShapeS2D_512_To_MAX(IntFunction<short[]>
test("0"
test(cipher,
testIndirectSubClass(boolean
ElementTypeLong256VectorTestsSmokeTest()
testRadGrad3RotatedOvalAA()
testOneDump();
RORByte64VectorTestsScalarShiftMasked(IntFunction<byte[]>
testJoinUntil2(ThreadFactory
BITWISE_BLENDByteMaxVectorTestsMasked(IntFunction<byte[]>
mulDouble512VectorTestsBroadcastSmokeTest(IntFunction<double[]>
convertShapeI2B_128_To_128(IntFunction<int[]>
testShort()
convertShapeD2F_256_To_128(IntFunction<double[]>
testHeapLoopPutChar()
storeByteArrayMaskIOOBE(IntFunction<double[]>
LTByte256VectorTestsBroadcastSmokeTest(IntFunction<byte[]>
testVectorCastFloatToShort(fspec256,
testHeapLoopPutLongView()
convertShapeF2B_64_To_MAX(IntFunction<float[]>
testF512toS256(byte[]
loopBoundLongFloatMaxVectorTestsSmokeTest(int
testValidSourceDate(String
BIT_COUNTMaskedByte128VectorTests(IntFunction<byte[]>
testPositiveExternalTagMarkup_AttributeValueSyntax(Path
SpeciesElementSizeShort512VectorTestsSmokeTest()
castShapeL2F_128_To_512(IntFunction<long[]>
testVectorCastByteMaxToByte(bspecMax,
scatterDouble128VectorTests(IntFunction<double[]>
BITWISE_BLENDLong512VectorTestsBroadcastSmokeTest(IntFunction<long[]>
testRunException(Executable
testGetOutSize(Provider
testRorAddInts()
hashCodeDoubleMaxVectorTestsSmokeTest(IntFunction<double[]>
RORShort256VectorTestsMasked(IntFunction<short[]>
testStop1()
castShapeI2D_256_To_128(IntFunction<int[]>
maskEqualsLong128VectorTestsSmokeTest(IntFunction<boolean[]>
testRotateRightL()
testSetDaemon1()
testStringFolding()
MULByteMaxVectorTestsMasked(IntFunction<byte[]>
test2:"([Ljava/lang/String;)V"
scatter(IntFunction<$type$[]>
FMADouble64VectorTests(IntFunction<double[]>
testS64toF64(short[]
testInt8Kernel(IntVector.SPECIES_512,
catch(IOException
testl(word_count,
test_printf(List<PrintfArg>
testDebugBuild();
testPids("Unlimited");
c1()
testLong512ToByte64()
testL128toF64(byte[]
testGZip(boolean
ADDByte128VectorTests(IntFunction<byte[]>
testDirectLoopGetCharRO()
reinterpretShapeS2F_256_To_256(IntFunction<short[]>
reinterpretShapeI2I_256_To_256(IntFunction<int[]>
reinterpretShapeL2L_64_To_MAX(IntFunction<long[]>
testDirectBulkPutFloatViewSwap()
testInt2Kernel(IntVector.SPECIES_128,
MINLong128VectorTestsBroadcastSmokeTest(IntFunction<long[]>
testPackagePrivateSupertypeAtMultiCatch()
castShapeD2S_512_To_512(IntFunction<double[]>
reinterpretShapeL2L_Max_To_64(IntFunction<long[]>
testInvokeFromSubclass(TestBuilder
maskEquals$vectorteststype$SmokeTest(IntFunction<boolean[]>
tests.get(testName);
"@TestConstructorParameterAnnotations.MarkerAnnotation(3)",
testFormatter(Locale.of("hi",
castShapeI2L_Max_To_256(IntFunction<int[]>
expandByte512VectorTests(IntFunction<byte[]>
reinterpretShapeL2I_256_To_256(IntFunction<long[]>
convertShapeB2L_512_To_256(IntFunction<byte[]>
ROLInt256VectorTestsScalarShift(IntFunction<int[]>
test(0.0);
loopBoundLongShortMaxVectorTestsSmokeTest(int
groupCaptureTest()
testGetStackTrace4()
testLong(a,
testVoid()
testAL.applyTo(cmd);
convertShapeD2B_512_To_512(IntFunction<double[]>
testSize_localSmallByteArray();
testOperatingSystemMXBeanIgnoresMemLimitExceedingPhysicalMemory(final
ROLInt512VectorTests(IntFunction<int[]>
maskFromToLongLong256VectorTestsSmokeTest(long
loopBoundLongByte256VectorTestsSmokeTest(int
test(char.class,
testRunningTask(ExecutorService
test_indexOf_use_result_immediately()
BIT_COUNTLongMaxVectorTests(IntFunction<long[]>
testVectorCastIntMaxToDouble(VectorSpecies<Integer>
IS_DEFAULTMaskedLong256VectorTestsSmokeTest(IntFunction<long[]>
castShapeD2B_512_To_128(IntFunction<double[]>
REVERSEByte128VectorTests(IntFunction<byte[]>
testDouble512ToShort128(mask);
testIntConIsNegOne2(int
testStartConfined(ThreadFlock
castShapeF2F_128_To_256(IntFunction<float[]>
REVERSEMaskedLong512VectorTests(IntFunction<long[]>
FIRST_NONZEROReduceShort128VectorTestsMasked(IntFunction<short[]>
testForkAfterShutdown(ThreadFactory
testOrMaskSameValue3()
ASHRByte128VectorTests(IntFunction<byte[]>
test_overwrite_front()
test_safefetch32_positive()
NELong512VectorTests(IntFunction<long[]>
test$Ms$BulkGet$Type${#if[view]?View}$SWAP$$RO$()
testInvokeAllAfterShutdown2(ExecutorService
replaceFirstTest()
RORShort256VectorTestsScalarShift(IntFunction<short[]>
convertShapeF2S_128_To_MAX(IntFunction<float[]>
entryCopyWithNullValueDisallowed()
ASHRShort256VectorTestsScalarShiftConst(IntFunction<short[]>
convertShapeI2F_512_To_256(IntFunction<int[]>
castShapeF2D_512_To_256(IntFunction<float[]>
test3(MyClass
TRAILING_ZEROS_COUNTMaskedInt64VectorTests(IntFunction<int[]>
ABSMaskedDouble64VectorTests(IntFunction<double[]>
maskLastTrueLong256VectorTestsSmokeTest(IntFunction<boolean[]>
test(String...
testBound2E(r.nextInt());
getByNameExceptionTest()
testForName_2arg_IAE(String
testI64toD128(int[]
testIntCeilDiv(x,
testClosedVaList()
FIRST_NONZEROReduceShortMaxVectorTests(IntFunction<short[]>
castShapeF2L_256_To_64(IntFunction<float[]>
testClass.getDeclaredMethod("run");
NELongMaxVectorTests(IntFunction<long[]>
andShort64VectorTestsBroadcastSmokeTest(IntFunction<short[]>
testDirectBulkGetFloatViewSwapRO()
FIRST_NONZEROFloatMaxVectorTestsMasked(IntFunction<float[]>
maskEqLong256VectorTestsSmokeTest(IntFunction<boolean[]>
testZipAndJar()
AND_NOTLongMaxVectorTests(IntFunction<long[]>
convertF2L_512_To_512(IntFunction<float[]>
testVectorRebracket(lspec512,
testVectorCastFloatToFloatFail(fspec256,
toIntArrayShort64VectorTestsSmokeTest(IntFunction<short[]>
test.setVisible(false);
LSHRByte512VectorTestsShift(IntFunction<byte[]>
twoReductionsDifferentSizes2()
bitwiseBlendByte256VectorTests(IntFunction<byte[]>
reinterpretShapeS2L_128_To_256(IntFunction<short[]>
getInt128VectorTests(IntFunction<int[]>
testNonPublic();
test_moveBits<uint32_t>();
ADDReduceLongLongMaxVectorTestsMasked(IntFunction<long[]>
testHeapBulkGetCharViewSwapRO()
test3(null);
commentsTest()
FIRST_NONZEROReduceInt512VectorTestsMasked(IntFunction<int[]>
convertI2D_256_To_256(IntFunction<int[]>
testCMoveVDNE(double[]
testOfEmpty()
bitwiseBlendIntMaxVectorTests(IntFunction<int[]>
testq($src$$Register,
testHeapLoopGetCharViewSwapRO()
test_andImm(int[]
castShapeS2D_Max_To_512(IntFunction<short[]>
testFromHexInvalid()
stringBuilderDoubleDigitGroupReferences()
gatherLong256VectorTests(IntFunction<long[]>
test5()
indexWithInvariantAndConstant()
LSHLShortMaxVectorTests(IntFunction<short[]>
testJcmdHelp(long
LSHLShort64VectorTestsMasked(IntFunction<short[]>
testDirectLoopGetShortView()
ROLLong512VectorTestsMasked(IntFunction<long[]>
expectPass(String
castShapeL2B_128_To_64(IntFunction<long[]>
testMutation()
unsliceShortMaxVectorTestsMasked(IntFunction<short[]>
testKAT(c,
testOverflow("testStrideNegScalePos",
BITWISE_BLENDLong512VectorTestsDoubleBroadcastSmokeTest(IntFunction<long[]>
UNSIGNED_GTByte512VectorTestsMasked(IntFunction<byte[]>
RORByteMaxVectorTestsScalarShift(IntFunction<byte[]>
loadArrayIOOBE(IntFunction<float[]>
subShortMaxVectorTests(IntFunction<short[]>
testRorAddLong16(long
BITWISE_BLENDInt256VectorTestsDoubleBroadcastSmokeTest(IntFunction<int[]>
maskFromToLongInt64VectorTestsSmokeTest(long
indexInRangeLongInt256VectorTestsSmokeTest(int
convertShapeF2D_512_To_64(IntFunction<float[]>
test3(long
castShapeD2F_Max_To_64(IntFunction<double[]>
testByte128ToShort256(mask);
stringBufferSupplementaryCharacter(){
testCenti()
testPowersOf10();
test.disambiguationTest("((String
SUBLong256VectorTests(IntFunction<long[]>
UNSIGNED_GELong512VectorTests(IntFunction<long[]>
indexInRangeByte128VectorTestsSmokeTest(int
LSHRByte128VectorTestsScalarShiftConst(IntFunction<byte[]>
testVectorCastIntToByteFail(ispec256,
test_run_int(Blackhole
test(op).and(m)}.
divDouble64VectorTestsBroadcastMaskedSmokeTest(IntFunction<double[]>
testTwoIntTwoFloat()
test_conv_d2s(short[]
SINHDouble64VectorTests(IntFunction<double[]>
testVectorReshape(dspecMax,
testD256toI256(double[]
testDirectLoopPutDouble()
MAXLong128VectorTests(IntFunction<long[]>
BITWISE_BLENDByte512VectorTestsAltBroadcastMaskedSmokeTest(IntFunction<byte[]>
test3(int[]
test(frame);
andIntMaxVectorTests(IntFunction<int[]>
ASINDouble128VectorTests(IntFunction<double[]>
convertShapeL2I_64_To_512(IntFunction<long[]>
test_boolean()
testRorAddInt31(int
testByteToDouble()
ANDInt64VectorTestsBroadcastMaskedSmokeTest(IntFunction<int[]>
testLongConIsNormal1(0L));
testDefaultDIrectory()
testCases.entrySet())
ADDReduceLongLong512VectorTests(IntFunction<long[]>
test_time(Instant
testHeapLoopPutFloatSwap()
testHistory()
storeArrayIOOBE(IntFunction<int[]>
testCpuQuotaAndPeriod(150*1000,
copyIntArray()
LOGDoubleMaxVectorTests(IntFunction<double[]>
ADDReduceLongByte512VectorTestsMasked(IntFunction<byte[]>
testNoReattach()
testXshowSettingsSystem(false);
testVectorCastIntToShort(ispec256,
testEventAfterDump()
testl(tmp5,
ADDReduceLong$vectorteststype$Masked(IntFunction<$type$[]>
testClipFlatOval()
testArraycopyDeoptWithSideEffect()
mulShort512VectorTestsMasked(IntFunction<short[]>
test_overwrite_back_long(0x2000);
castShapeS2L_128_To_128(IntFunction<short[]>
DIVInt256VectorTests(IntFunction<int[]>
scatterByte256VectorTests(IntFunction<byte[]>
test3_rol(int[]
EQFloat256VectorTestsBroadcastLongSmokeTest(IntFunction<float[]>
convertShapeI2I_512_To_256(IntFunction<int[]>
ASHRIntMaxVectorTestsMasked(IntFunction<int[]>
testVectorCastFloatToIntFail(fspec64,
FMAFloatMaxVectorTestsMasked(IntFunction<float[]>
convertShapeL2B_512_To_512(IntFunction<long[]>
testNegativeCasePreLoop()
MAXReduceShort64VectorTests(IntFunction<short[]>
testVectorCastLongToLong(VectorSpecies<Long>
getByNameUnknownHostException()
convertShapeD2I_64_To_MAX(IntFunction<double[]>
testVectorCastShortToFloat(sspec64,
FIRST_NONZEROReduceFloatMaxVectorTests(IntFunction<float[]>
test("
testDatagramSocketAdaptorReceiveInterrupt(60_1000);
maskCompressLongMaxVectorTestsSmokeTest(IntFunction<boolean[]>
testInteger128(long
testIS_DEFAULT(double
testAndSameValue1()
XORLongMaxVectorTests(IntFunction<long[]>
convertShapeL2B_256_To_MAX(IntFunction<long[]>
convertShapeS2S_512_To_256(IntFunction<short[]>
ROLLong64VectorTestsScalarShiftConst(IntFunction<long[]>
ltIntMaxVectorTests(IntFunction<int[]>
anyTrueLongMaxVectorTests(IntFunction<boolean[]>
convertShapeL2S_512_To_256(IntFunction<long[]>
testOffsetHandle(MemoryLayout
testInt256ToShort128(mask);
testCertOutput();
LTInt512VectorTests(IntFunction<int[]>
testStridePosScalePosNotOne(long
test(0x42,
test_GetSetLocal(jvmti,
testVectorCastDoubleToInt(dspec128,
testEmpty();
UNSIGNED_LEShort512VectorTestsMasked(IntFunction<short[]>
testVectorCastShortToDoubleFail(sspec128,
VectorShapeFloat64VectorTests()
testVectorCastByteMaxToInt(bspecMax,
testPositiveInlineTag(Path
test(Class.forName("pkg1.pkg2.EnclosingClass").getDeclaredConstructor().newInstance());
subShort256VectorTestsMasked(IntFunction<short[]>
mulInt256VectorTestsBroadcastMaskedSmokeTest(IntFunction<int[]>
test_conv_l2d(long[]
GELongMaxVectorTestsMasked(IntFunction<long[]>
testIntegerRegs()
test(Integer
testHeapToNativeMixed(v1,
testStatementNotExhaustive(S
test9(long
reinterpretShapeB2B_64_To_128(IntFunction<byte[]>
XORReduceLong512VectorTestsMasked(IntFunction<long[]>
IS_DEFAULTFloat512VectorTests(IntFunction<float[]>
convertShapeI2L_256_To_256(IntFunction<int[]>
testConditional(String
addDouble64VectorTestsBroadcastMaskedSmokeTest(IntFunction<double[]>
test(Signature
EQInt512VectorTestsBroadcastMaskedSmokeTest(IntFunction<int[]>
VectorTypeDoubleMaxVectorTestsSmokeTest()
testAny()
testAdaptRequest()
testFloat64ToDouble128(boolean[]
test_reversebytes_short_transform2(short[]
testStrideNegScaleNegInIntLoop1(int
mulLong64VectorTests(IntFunction<long[]>
someTest4()
testWiredBox()
reinterpretShapeB2I_512_To_MAX(IntFunction<byte[]>
ADDFloat256VectorTestsBroadcastMaskedLongSmokeTest(IntFunction<float[]>
castShapeF2S_64_To_256(IntFunction<float[]>
test_high_zeros_low_ones<uint16_t>();
testInt3Kernel(IntVector.SPECIES_256,
testGetState3()
FIRST_NONZEROReduceDouble512VectorTests(IntFunction<double[]>
staticProtectedDefault2()
testBasicIOWithClosedSegment(Supplier<MemorySession>
(long)Integer.MAX_VALUE
testVectorCastShortToByteFail(sspec64,
testExactSet(String
powDouble256VectorTestsBroadcastSmokeTest(IntFunction<double[]>
addLong64VectorTestsMasked(IntFunction<long[]>
SelectFromInt512VectorTestsMaskedSmokeTest(IntFunction<int[]>
testMax3(int
EQDoubleMaxVectorTestsBroadcastMaskedSmokeTest(IntFunction<double[]>
testInt5_Int256(r,
testSetName3()
anyTrueIntMaxVectorTests(IntFunction<boolean[]>
ORReduceByte128VectorTestsMasked(IntFunction<byte[]>
divDouble64VectorTestsBroadcastSmokeTest(IntFunction<double[]>
NOTLong64VectorTests(IntFunction<long[]>
testDivModUnsigned()
LOG1PDouble128VectorTests(IntFunction<double[]>
testGetName2()
test.newHttpClient(test.proxySelector);
ANDReduceShort512VectorTests(IntFunction<short[]>
test17(a));
orInt512VectorTests(IntFunction<int[]>
test(0,
MaskAllTrueLong512VectorTestsSmokeTest()
testThreadLocals4()
convertShapeB2B_Max_To_256(IntFunction<byte[]>
testComponent(ComponentCreator<?
test(src.resolve("Test5.java"));
test(A.class,
LTDouble256VectorTestsMasked(IntFunction<double[]>
convertShapeI2I_256_To_256(IntFunction<int[]>
test_reserve_memory_special_huge_tlbfs_size_not_aligned();
maxDouble512VectorTestsBroadcastSmokeTest(IntFunction<double[]>
minFloat64VectorTests(IntFunction<float[]>
SUBFloatMaxVectorTestsMasked(IntFunction<float[]>
GTDouble128VectorTestsMasked(IntFunction<double[]>
castShapeD2D_Max_To_64(IntFunction<double[]>
gatherMaskedDoubleMaxVectorTests(IntFunction<double[]>
testGuards1(Path
testBadReceiver(Field
testBodyPublisher(String
testL256toF128(long[]
reinterpretShapeS2I_512_To_64(IntFunction<short[]>
castShapeD2B_64_To_512(IntFunction<double[]>
testFuture1(ThreadFactory
eqFloat64VectorTests(IntFunction<float[]>
testHeapLoopPutInt()
testCases.add(SSLSocket::startHandshake);
testSocketChannelWriteAsyncClose()
GEFloatMaxVectorTestsMasked(IntFunction<float[]>
testManyArgs()
sliceUnaryDouble64VectorTests(IntFunction<double[]>
testArrayRankOverflow()
ltShort128VectorTestsBroadcastSmokeTest(IntFunction<short[]>
ASINFloat64VectorTests(IntFunction<float[]>
ElementSizeInt128VectorTests()
testInt3_Int256(r,
testI_reg_mem(
testContainerMemExceedsPhysical();
EQDoubleMaxVectorTestsBroadcastLongSmokeTest(IntFunction<double[]>
unsliceUnaryLong128VectorTests(IntFunction<long[]>
convertShapeI2S_512_To_512(IntFunction<int[]>
eqDoubleMaxVectorTests(IntFunction<double[]>
convertShapeB2B_Max_To_64(IntFunction<byte[]>
testBadSpliteratorElementSizeNotMultiple()
testWrongSwitchTypes()
testWithSimpleName(Object
LSHLInt128VectorTestsShift(IntFunction<int[]>
testVectorCastLongMaxToFloat(lspecMax,
reinterpretShapeB2L_512_To_128(IntFunction<byte[]>
testOctalNumber()
testD256toS64(double[]
testIntResultIsUnderflow2(10));
ADDReduceDoubleMaxVectorTests(IntFunction<double[]>
reinterpretShapeF2S_128_To_64(IntFunction<float[]>
ASHRShort256VectorTestsScalarShiftMaskedConst(IntFunction<short[]>
compressInt128VectorTests(IntFunction<int[]>
maskCompressByte512VectorTestsSmokeTest(IntFunction<boolean[]>
LOGDouble256VectorTests(IntFunction<double[]>
convertShapeI2L_512_To_128(IntFunction<int[]>
test12(a));
EQDouble128VectorTestsBroadcastLongSmokeTest(IntFunction<double[]>
testVectorCastFloatToByteFail(VectorSpecies<Float>
castShapeS2S_256_To_64(IntFunction<short[]>
testB64toL512(byte[]
testOrZero()
testShortConstantLength1()
testF256toL512(byte[]
@Run(test
GTDouble256VectorTestsMasked(IntFunction<double[]>
maxFloat64VectorTestsBroadcastSmokeTest(IntFunction<float[]>
test("2.3",
NEGMaskedFloat256VectorTests(IntFunction<float[]>
testL64toF64(long[]
test_bytes()
testCheckFromIndexSize(long
testSimpleCollection();
testMacSign()
EXPAND_BITSLongMaxVectorTestsMasked(IntFunction<long[]>
testMethod.setAccessible(true);
convertShapeI2D_128_To_MAX(IntFunction<int[]>
LTShort64VectorTestsBroadcastMaskedSmokeTest(IntFunction<short[]>
testmap.clear_range(r.start(),
testNullCase()
testCharConstantLength(1);
testFloatToShort();
loopBoundLong128VectorTestsSmokeTest(int
LOG1PFloat256VectorTests(IntFunction<float[]>
testByte1()
ASHRInt256VectorTestsShift(IntFunction<int[]>
storeByteBufferMaskIOOBE(IntFunction<float[]>
testFirstElementIsWrong()
unsliceBinaryFloat256VectorTestsBinary(IntFunction<float[]>
RORShortMaxVectorTestsScalarShiftMasked(IntFunction<short[]>
getByNameTest()
test1(test);
SQRTMaskedDoubleMaxVectorTests(IntFunction<double[]>
convertShapeD2F_512_To_MAX(IntFunction<double[]>
testNothing()
testRorOrLong64Bic(long
reinterpretShapeI2L_512_To_128(IntFunction<int[]>
EQInt64VectorTestsBroadcastMaskedSmokeTest(IntFunction<int[]>
VectorShapeLong512VectorTests()
reinterpretShapeI2I_256_To_512(IntFunction<int[]>
testVectorCastFloatToByteFail(a,
testInvokeAnyEmpty2(ThreadFactory
ANDLong256VectorTests(IntFunction<long[]>
castShapeD2B_512_To_64(IntFunction<double[]>
LTDouble128VectorTests(IntFunction<double[]>
LTFloat64VectorTestsBroadcastSmokeTest(IntFunction<float[]>
testIS_DEFAULT(short
IS_INFINITEMaskedFloat128VectorTestsSmokeTest(IntFunction<float[]>
testSmallLeftShift(Blackhole
test_ror_long_zero(long
testReducible();
RORLong256VectorTestsMasked(IntFunction<long[]>
test_getLocalizedDateTimePattern_unavailable(String
convertFloatToDouble()
castShapeI2L_64_To_128(IntFunction<int[]>
FMAFloat512VectorTests(IntFunction<float[]>
testDisplayName("ESP",
LOG10Double64VectorTests(IntFunction<double[]>
testDirectBulkGetLongView()
testGetThreadState(jvmtiEnv*
testShutdownBeforeClose(ExecutorService
convertL2F_512_To_512(IntFunction<long[]>
testKeyWrap(Provider
castShapeI2S_64_To_256(IntFunction<int[]>
castShapeB2D_256_To_MAX(IntFunction<byte[]>
AND_NOTByteMaxVectorTests(IntFunction<byte[]>
maxFloatMaxVectorTestsBroadcastSmokeTest(IntFunction<float[]>
reductionLoopIndexSumDifferentSizes()
ADDDouble128VectorTestsBroadcastLongSmokeTest(IntFunction<double[]>
testJoin35()
DIVDoubleMaxVectorTestsMasked(IntFunction<double[]>
castShapeF2I_Max_To_256(IntFunction<float[]>
test17(long
mulLong128VectorTestsBroadcastMaskedSmokeTest(IntFunction<long[]>
reinterpretShapeL2D_64_To_256(IntFunction<long[]>
testIf(boolean
testInt7_Int512(r,
testComputeIfPresentNotCalled()
testExistingInheritedOverride(TestBuilder
testFromHexDigit()
minDouble256VectorTests(IntFunction<double[]>
convertShapeB2B_512_To_128(IntFunction<byte[]>
testVectorCastFloatToIntFail(a,
testEntryPoint(Path
test_ChineseTimeZoneNames(Locale
MAXByte256VectorTestsBroadcastSmokeTest(IntFunction<byte[]>
absShort256VectorTests(IntFunction<short[]>
testHeapToNativeMixed(int
test$Ms$LoopPut$Type${#if[view]?View$SWAP$}$RO$()
testDirectBulkGetCharViewSwap()
testByteGT0(bs),
CBRTFloat512VectorTests(IntFunction<float[]>
reinterpretShapeL2I_Max_To_256(IntFunction<long[]>
convertShapeL2D_256_To_512(IntFunction<long[]>
test_one_or_two_set_bits<int8_t>();
test(args[0]);
testVectorUCastIntToLong(ispec256,
subLong512VectorTestsMasked(IntFunction<long[]>
MULByteMaxVectorTests(IntFunction<byte[]>
minDouble512VectorTestsBroadcastSmokeTest(IntFunction<double[]>
testCoversType2(Path
ROLShortMaxVectorTestsScalarShiftConst(IntFunction<short[]>
LSHLShort128VectorTestsMasked(IntFunction<short[]>
testHeapBulkGetDoubleViewSwap()
testMemoryAddressValueSetAsString()
test(double[]
ANDLong256VectorTestsBroadcastSmokeTest(IntFunction<long[]>
testMissingDirectory()
reinterpretShapeD2D_64_To_MAX(IntFunction<double[]>
convertShapeF2D_Max_To_MAX(IntFunction<float[]>
test_with_getLong(TemporalField
LTLong256VectorTests(IntFunction<long[]>
convertShapeS2L_Max_To_64(IntFunction<short[]>
EQDouble512VectorTests(IntFunction<double[]>
testSequenceBadCount()
NOTByte256VectorTests(IntFunction<byte[]>
nullElement()
MaskAllTrueFloat256VectorTestsSmokeTest()
test6(long[]
testEmpty()
convertShapeD2D_Max_To_128(IntFunction<double[]>
testShort256ToFloat512()
divDouble64VectorTestsMasked(IntFunction<double[]>
ORLong64VectorTestsBroadcastLongSmokeTest(IntFunction<long[]>
castShapeD2F_256_To_MAX(IntFunction<double[]>
BITWISE_BLENDIntMaxVectorTestsMasked(IntFunction<int[]>
testIrreducible();
testI512toB128(byte[]
COSDouble512VectorTests(IntFunction<double[]>
classInMultiVersions()
testMergeAbsent()
test8()
ADDReduceLongShort512VectorTestsMasked(IntFunction<short[]>
test_rol_int_zero(i);
testShort64ToFloat128()
classDataMap()
testSendReceive(DatagramSocket
castShapeF2F_512_To_64(IntFunction<float[]>
dontInlineAnno).filter(Objects::nonNull).count()
testIS_NAN(double
convertI2F_128_To_128(IntFunction<int[]>
bitwiseBlendIntMaxVectorTestsDoubleBroadcastSmokeTest(IntFunction<int[]>
testIntVarGT(int
testPriority4()
MINReduceInt64VectorTests(IntFunction<int[]>
VectorShapeShort256VectorTests()
testVectorRebracket(sspecMax,
testVectorCastShortToIntFail(a,
maxByteMaxVectorTestsBroadcastSmokeTest(IntFunction<byte[]>
test(providers[i]);
testByteMulSub()
testInt1_Int512(int[]
testAndSameValue4()
castShapeL2B_128_To_MAX(IntFunction<long[]>
test_GetFrameCount(jvmti,
reinterpretShapeB2B_256_To_512(IntFunction<byte[]>
testInt2_Int128(r,
test12(long
testBooleanFn(String
castShapeD2S_64_To_64(IntFunction<double[]>
ADDReduceLongInt64VectorTests(IntFunction<int[]>
castShapeL2I_512_To_128(IntFunction<long[]>
tested.apply(new
testVectorCastLongToInt(VectorSpecies<Long>
loadStoreReadonlyByteBuffer(IntFunction<byte[]>
FMADouble128VectorTests(IntFunction<double[]>
testUB64toI256(byte[]
castShapeD2B_512_To_512(IntFunction<double[]>
convertShapeS2B_512_To_128(IntFunction<short[]>
TRAILING_ZEROS_COUNTShort256VectorTests(IntFunction<short[]>
NamespaceNodeFunctionsTests(String
populatedCapacity(String
addFloat64VectorTestsMasked(IntFunction<float[]>
testEncodedURI(Path
SINFloatMaxVectorTests(IntFunction<float[]>
castShapeB2F_Max_To_MAX(IntFunction<byte[]>
testJoinWithInterruptStatusSet()
test_virtual_space_actual_committed_space(64
testJoin13()
anyTrueShort128VectorTests(IntFunction<boolean[]>
reinterpretShapeI2I_128_To_128(IntFunction<int[]>
testStandardJavaFileManagerSnippets(Path
testDouble512ToInt256()
allTrueLong64VectorTests(IntFunction<boolean[]>
testRegularReducible4()
testL512toS128(byte[]
testGCAt(WB.G1_AFTER_CLEANUP_STARTED);
testBooleanConstantLength128()
testI64toD128(byte[]
NEGMaskedFloat64VectorTests(IntFunction<float[]>
toIntArrayFloat512VectorTestsSmokeTest(IntFunction<float[]>
gatherMaskedShortMaxVectorTests(IntFunction<short[]>
testAround(-MAX_VALUE,
testIntMax(a,
testFeatures(Processor.SAX,
toDoubleArrayFloat512VectorTestsSmokeTest(IntFunction<float[]>
COSHFloat128VectorTests(IntFunction<float[]>
maskTrueCountDouble512VectorTestsSmokeTest(IntFunction<boolean[]>
EXPAND_BITSLong256VectorTestsMasked(IntFunction<long[]>
REVERSE_BYTESMaskedShort512VectorTests(IntFunction<short[]>
bitwiseBlendInt256VectorTestsBroadcastSmokeTest(IntFunction<int[]>
EXPAND_BITSLong128VectorTestsMasked(IntFunction<long[]>
SelectFromShort128VectorTestsMaskedSmokeTest(IntFunction<short[]>
testSynthetic()
negatedCharClassTest()
sliceUnaryShort512VectorTests(IntFunction<short[]>
previewAPI(Path
castShapeS2B_128_To_128(IntFunction<short[]>
ORLong128VectorTestsMasked(IntFunction<long[]>
test_overwrite_back()
MAXReduceIntMaxVectorTestsMasked(IntFunction<int[]>
testVmInfo(pid);
testGetOwnedMonitorStackDepthInfo(jvmtiEnv*
testLatin1(isCompact);
testToHexDigitsNPE()
storeArrayMaskIOOBE(IntFunction<short[]>
convertShapeF2D_64_To_MAX(IntFunction<float[]>
addLong128VectorTestsMasked(IntFunction<long[]>
ADDReduceInt64VectorTestsMasked(IntFunction<int[]>
reinterpretShapeL2D_512_To_64(IntFunction<long[]>
convertShapeL2I_Max_To_MAX(IntFunction<long[]>
testVectorReshape(fspec256,
testRorOrLong64(long
testNativeToNativeMixed(v1,
testAddToEmpty()
testNoArgMethod(String
IS_NANMaskedFloat256VectorTestsSmokeTest(IntFunction<float[]>
castShapeD2S_64_To_128(IntFunction<double[]>
NEGMaskedInt256VectorTests(IntFunction<int[]>
test2_runner()
testByteConstantLength64()
EXPM1Float128VectorTests(IntFunction<float[]>
reinterpretShapeD2B_512_To_64(IntFunction<double[]>
MAXReduceInt256VectorTests(IntFunction<int[]>
EQDouble512VectorTestsMasked(IntFunction<double[]>
convertShapeL2D_64_To_64(IntFunction<long[]>
testLResultIsOverflow(long
testHeapDump(false);
test3(ri,
ltFloat512VectorTests(IntFunction<float[]>
EQInt256VectorTests(IntFunction<int[]>
allTrueIntMaxVectorTests(IntFunction<boolean[]>
GEShortMaxVectorTests(IntFunction<short[]>
test(1L
longPatternTest()
LTByte256VectorTestsBroadcastMaskedSmokeTest(IntFunction<byte[]>
testGlobalLimit();
convertShapeI2L_512_To_512(IntFunction<int[]>
testCompilerLimit();
ANDReduceShort256VectorTests(IntFunction<short[]>
BITWISE_BLENDByte128VectorTests(IntFunction<byte[]>
loopBoundByteMaxVectorTestsSmokeTest(int
test("AES/KWP/NoPadding",
@Check(test
UNSIGNED_LELong512VectorTests(IntFunction<long[]>
AND_NOTShort512VectorTestsMasked(IntFunction<short[]>
gatherMaskedLong64VectorTests(IntFunction<long[]>
test(arr1,
sharedByTwo()
testRequestHeadersOrder(exchange);
EQLong512VectorTestsBroadcastSmokeTest(IntFunction<long[]>
castShapeB2B_256_To_512(IntFunction<byte[]>
test_suite_name=$(cat
convertShapeF2F_Max_To_512(IntFunction<float[]>
testDec(0.0);
testDumpIllegalCompressedArgs();
testDatagramSocketAdaptorReceive(60_1000);
testSize_fieldSmallIntArray()
testVectorCastLongMaxToFloat(VectorSpecies<Long>
castShapeF2S_128_To_128(IntFunction<float[]>
loadStoreMemorySegmentMask(IntFunction<long[]>
testGetStackTrace3()
testInvokeAll4(ExecutorService
GTLongMaxVectorTests(IntFunction<long[]>
maskCompressFloatMaxVectorTestsSmokeTest(IntFunction<boolean[]>
WithLanesShort512VectorTestsSmokeTest()
LTInt256VectorTestsMasked(IntFunction<int[]>
testArrayCopy1(3);
testStrideNegScalePos_runner()
blendDouble512VectorTestsBroadcastLongSmokeTest(IntFunction<double[]>
testHeapBulkGetByte()
castShapeI2D_Max_To_128(IntFunction<int[]>
DIVLongMaxVectorTests(IntFunction<long[]>
convertShapeL2S_256_To_64(IntFunction<long[]>
testFloat256ToDouble512(boolean[]
reinterpretShapeI2F_Max_To_MAX(IntFunction<int[]>
ShapeWithLanesByte128VectorTestsSmokeTest()
testInt4_Int512(int[]
testB64toD64(byte[]
reinterpretShapeB2D_256_To_128(IntFunction<byte[]>
testVectorCastDoubleToLongFail(dspec512,
mulLong128VectorTestsMasked(IntFunction<long[]>
ADDShortMaxVectorTestsMasked(IntFunction<short[]>
addFloatMaxVectorTestsMasked(IntFunction<float[]>
LTShort256VectorTestsBroadcastLongMaskedSmokeTest(IntFunction<short[]>
castShapeF2I_64_To_64(IntFunction<float[]>
test_thread_resume(jni,
convertShapeS2D_64_To_256(IntFunction<short[]>
MINReduceByteMaxVectorTests(IntFunction<byte[]>
LSHLShort512VectorTestsMasked(IntFunction<short[]>
SPINBAccep_NBConn_NBIO_RW_12a(ProtocolFamily
reinterpretShapeF2B_128_To_512(IntFunction<float[]>
bitwiseBlendShort256VectorTests(IntFunction<short[]>
@IR(failOn
testRobot.waitForIdle();
indexInRangeLongInt128VectorTestsSmokeTest(int
testLong512ToByte64(mask);
testSocketChannelAdaptorAccept2()
testAppFreeze.createInstructionUI();
FMAFloat128VectorTestsMasked(IntFunction<float[]>
testType(Object
testS128toI256(byte[]
loadStoreMemorySegment(IntFunction<short[]>
castShapeB2L_512_To_MAX(IntFunction<byte[]>
LSHRIntMaxVectorTestsShift(IntFunction<int[]>
toLongArrayShort256VectorTestsSmokeTest(IntFunction<short[]>
validJarFileJarEntryTest(Path
testVectorReshape(fspecMax,
testStridePosNotOneScaleNegInIntLoop(long
testToString2()
ltFloatMaxVectorTestsBroadcastSmokeTest(IntFunction<float[]>
testRorOrInt16Or(int
castShapeB2S_256_To_64(IntFunction<byte[]>
convertShapeI2B_256_To_128(IntFunction<int[]>
FMAFloat256VectorTestsBroadcastMaskedSmokeTest(IntFunction<float[]>
testSealedInfo(OldClassFile.class,
unsliceUnaryFloat512VectorTests(IntFunction<float[]>
RORLong128VectorTestsScalarShift(IntFunction<long[]>
shuffleEqualsLong512VectorTestsSmokeTest(BiFunction<Integer,Integer,int[]>
testInvokeStatic5()
testDate.toString(),
testIsFiniteBranch()
testI512toL512(int[]
testVirtualThreadStartAndEnd()
RearrangeByte128VectorTests(IntFunction<byte[]>
BAccep_NBConn_NBIO_WR_7a(ProtocolFamily
testOperatingSystemMXBeanAwareness(String
negByte128VectorTests(IntFunction<byte[]>
convertShapeS2L_64_To_128(IntFunction<short[]>
testEmptySysPropValue()
testI128toD256(byte[]
shortInductionLoop()
RORShortMaxVectorTestsScalarShiftMaskedConst(IntFunction<short[]>
testNestedStructs()
testMismatched(c,
test(I2
testCustomScheduler1()
testedKinds.add(ElementKind.RECORD);
convertShapeS2D_Max_To_128(IntFunction<short[]>
testIntMultiplyAddMasked()
SpeciesElementSizeFloat128VectorTestsSmokeTest()
testTypeInference(boolean
NEGFloat512VectorTests(IntFunction<float[]>
divLong512VectorTests(IntFunction<long[]>
ABSShort512VectorTests(IntFunction<short[]>
testInvokeAll(ExecutorService
testLongConstantLength1()
(depending
SPINBAccep_NBConn_NBIO_WR_11a(ProtocolFamily
toStringLongMaxVectorTestsSmokeTest(IntFunction<long[]>
fillIntArray()
testDatagramSocketReceiveAsyncClose(60_000);
