TestRoute(context.Context,
TestCreateAuthID(t
TestStatsChannelRunnable(t
TestLocalDomain(t
TestStatsChannelBlocking(t
TestStatsChannel(t
TestStatsCounter(t
TestCertificateIssuing(t
TestServiceSubscribeRoutingStats(t
TestSocksConformanceMod(t
TestConnectionInvReq(t
TestConnectionInvPath(t
TestInvalidRequest(t
TestOpenVMessAEADHeader4(t
TestRequestSerialization(t
TestOpenVMessAEADHeader(t
TestOpenVMessAEADHeader2(t
TestOutboundWithoutStatCounter(t
TestVLessOutbound(t
TestStatsChannelConcurrency(t
TestCreateAuthIDAndDecodeMassive(t
TestOutboundWithStatCounter(t
TestInterface(t
TestMuxRequest(t
TestCreateAuthIDAndDecode(t
TestRoute(ctx
TestCreateAuthIDAndDecode2(t
TestStatsChannelNonBlocking(t
TestRoute(TestRouteRequest)
TestCreateAuthIDAndDecodeSuperMassive(t
TestInsecureCertificates(t
TestStatsChannelTimeout(t
TestTCPRequest(t
TestOpenVMessAEADHeader4Massive(t
TestMultiMatchPrioritizedDomain(t
TestExpiredCertificate(t
TestSerivceTestRoute(t
TestUDPRequest(t
TestVLessInbound(t
TestStatsChannelUnsubcribe(t
TestMatcherGroup(t
