testCase.setPath(each.getParent()));
test_ambiguous_procname(int)
test_enc_conversion(input,
testGeneratedValuesCollection.add(testGeneratedValue);
testoa(x1
test_event_trigger()
testReportExecuteProcessSummary()
test_event_trigger();"
testCase.getSql(),
testSimpleSelect()
test.t_order_copy(id,order_id,user_id,status,t_int2,t_numeric,t_bool,t_char,t_varchar,t_float,t_double,t_timestmap,t_timestamptz)
test.p1()"
testCenter.persist("/demo_spring_boot_ds_center/config/schema/logic_db/datasource",
testCenter.persist("/demo_spring_boot_ds_center/config/properties",
testConvertSimpleSelectFilterOrderBy()
testing(following
test_resignal()
testEnabled()
test_evtrig_no_rewrite()
testCaseContexts.get(sqlCommandType);
testConvertLeftOuterJoin()
test.a(),
testClose()
test()
testAlgorithmType()
testLoadShowProcessListData()
testpolym(a
test.st_y()"
testExporter.getFinishedSpanItems();
testBuriedShardingMetrics()
test_mark_restore(col1,
test_if_commit()
test_opclass_options_func(internal);"
test.getName();
testSummaryMetricsTracker()
test_evtrig_dropped_objects()
test_aggregate_exists(*)"
test.t_order_copy(order_id,user_id,status,t_int2,t_numeric,t_bool,t_char,t_varchar,t_float,t_double,t_timestmap,t_timestamptz)
test_aggregate_exists(*);"
test_signal()
testCheckUser()
testStop()
testCenter.persist("/demo_spring_boot_ds_center/config/props",
testLoad()
test.%s(order_id,user_id,status,t_int2,t_numeric,t_bool,t_char,t_varchar,t_float,t_double,t_timestmap,t_timestamptz)
test.p1(13)"
testConvertSimpleSelectLimit()
testExporter.reset();
testCaseContext.getParentPath();
testCasesLoader.getTestCaseContexts(description.getSqlCommandType()).stream()
test_future_xid_status((:inprogress
testCase.getAssertions())
test_event_trigger(&apos;argument
test_event_trigger_arg(name
test_invalid()
testCenter.persist("/demo_spring_boot_ds_center/config/schema/logic_db/rule",
test.current_user(),
test_fn()
test.longprocedure(@value);
test_signal_func()
testConvertInnerJoin()
testClass.getJavaClass())
testNoneDelegate()
testCases.getTypes())
testrngfunc()
testNewInstance()
testdata(bits)
testUnionAllForCaseTwo()
testGenerateExecutionContext()
test_evtrig_no_rewrite();"
test.t_order_item(item_id,order_id,user_id,status)
testReportExecuteProcess()
testpolym(out
test_future_xid_status(xid8)
testResourceDataSource.getOriginalName());
testName(final
test_ambiguous_funcname(int)
test_evtrig_dropped_objects();"
testFixtureSegment.setVariable("test_fixture");
testStates.add(StateType.CIRCUIT_BREAK.name());
testCaseContexts.get(caseType);
testClass.getAnnotatedMethods(ContainerInitializer.class).forEach(method
test_aggregate_exists(int);"
test_round_fn()
test_function(var
testCaseContext.getTestCase().getScenarioTypes()
testBuriedTransactionMetric()
testingServer.close();
testNotInit()
test.md5(&quot;aaa&quot;),
test.sp1()"
testCaseContext.getTestCase().getSql();
testClass.getAnnotatedFields(OnContainer.class).stream()
test_ambiguous_funcname(text)
test.database(),
test.metaphon(&quot;Hello&quot;)"
testRefreshPrivileges()
testUnits.add(new
testConvertSimpleSelectFilter()
testBuildInCache()
test_future_xid_status(bigint)
testCheckSchemaByNative()
testParameters.add("testObject");
testCaseContext.getTestCase().getScenarioTypes();
testFindPrivileges()
test").append(System.lineSeparator()).append("-
testStates.add(StateType.LOCK.name());
testCheckSqlStatement()
testRepository.watch("IGNORED",
test_event_trigger_sql()
test27759()
testSwapToYamlConfiguration()
test_round_unsigned(in
testCaseContext.getTestCase().getAssertions())
test_trigger()
testCheckSchemaByAllPrivilegesPermitted()
testConvertSimpleSelect()
testBuildPrivilegesInStorage()
test.bug12812()"
testCaseContext.getTestCase().getSql());
testConvertSimpleSelectRowCount()
test.p1(12)"
test.t_order(id,order_id,user_id,status,t_int2,t_numeric,t_bool,t_char,t_varchar,t_float,t_double,t_timestmap,t_timestamptz)
test(days);"
testRuleConfiguration()
testCaseSpec.name();
test_fn2()
test.t_order(id,
testHistogramMetricsTracker()
testConvertSimpleSelectFilterGroupBy()
test_ambiguous_procname(text)
testMetricsType()
test.fn(MIN(b))
testUnionAllForCaseOne()
testMethod()
testCaseContexts.putIfAbsent(caseType,
testReportExecuteProcessSummaryWithId()
testGeneratedValuesCollection.add(TEST_GENERATED_VALUE);
testSwapToObject()
testStates.add(StateType.OK.name());
testpolym(int,
testReportExecuteProcessUnit()
test.st_x(),
testMetricsLabel()
testRules.stream()
testClass.getAnnotatedMethods(ContainerInitializer.class).forEach(this::invokeExplosively);
test").append(System.lineSeparator());
test_round(in
test.t_order(id,order_id,user_id,status,t_int2,t_numeric,t_bool,
test_future_xid_status(:inprogress
testExceptionHandle()
testDecorate()
testRepository.watch("UPDATED",
testClass.getJavaClass();
test_conv(
test.pi(),
testCaseContext.getTestCase().getIntegrateTestCaseAssertions())
testing](https://blog.devgenius.io/full-link-online-stress-testing-for-production-database-apache-shardingsphere-shadow-database-84f7cba56f99),
testRepository.watch("DELETED",
test.getParameters().toArray(new
test_opclass_options_func(internal,
testQuestion()
testDisabled()
testingServer.getConnectString());
testCaseContexts.putIfAbsent(sqlCommandType,
