test("C(70)nullsuffix",
test("-99.051suffix",
testVectorCastShortToDoubleFail(sspec128,
testNoMatch(TestBuilder
testSrc.resolve("Bar.java");
test_reserved_space2()
test_weak_iteration();
test_helper(int[]
test("-1000000-820130816suffix",
test("prefix-1000000suffix121suffix2",
testStraighten2long()
test("prefix-42.0suffix1\u04511suffix2",
test("prefixfalsesuffix15500suffix2",
test("-87.0-8400suffix",
test("25000000-42.0suffix",
test.runTests();
test("918000suffix",
test("prefix-194313216suffix1-8400suffix2",
test("prefix-55000000suffix11000000suffix2",
test("C(87)-99.0suffix",
test("prefix-43suffix112suffix2",
test("prefix80suffix1-2000000suffix2",
test("9112.0suffix",
testHeapToHeapLocalSrc(v1,
test("prefix91suffix1-2000000suffix2",
testHalfsiphash_32_ByteArray()
testUS128toI256(short[]
testCMoveVFLT(float[]
test("prefix-42.0suffix125suffix2",
test("18C(82)suffix",
test(tf);
test("true-99.0suffix",
testSetGetOptionDatagramChannel()
test("-54\u045176suffix",
test("C(82)-1000000suffix",
test("-43truesuffix",
testUserJavadoc()
testComputePN()
testGetterPermutations(GET_PROPERTY_THEN_ELEMENT_PATTERN,
testVersionDowngradeFails()
test("prefix51suffix121suffix2",
test("218000suffix",
test("prefix55.0suffix1-55000000suffix2",
test("prefix-2000000suffix1-1705032704suffix2",
test("9400000094000000suffix",
testTimeout(HttpRequest
test.executeArray(tv);
test("prefix8000suffix151suffix2",
testSize_fieldSmallIntArray();
testPutAll()
testBasicHeapIOWithGlobalSession()
test("prefix\u045176suffix112.0suffix2",
testSetLongThreadId()
test(SocketChannel.open(StandardProtocolFamily.UNIX));
test(Direct|Heap)(Loop)(Put)Char(View)+(Swap)+"
test("prefix-99.0suffix1Csuffix2",
testEntrySet()
testSuperConflict(TestBuilder
test("443900suffix",
test("-200000058000000suffix",
test("121460392448suffix",
test("prefix8000suffix1truesuffix2",
test_update_allocation_tracker(alloc_tracker,
testRunNoTestInfo(3);
testIntCeilDivMod(Integer.MAX_VALUE
test("prefix-54",
testFailedTask(ExecutorService
testClose()
test_virtual_space_actual_committed_space();
testLongIntCeilDivMod(-2L,
testOffsetHandle(MemoryLayout
test("null8.0suffix",
test("prefix-9900suffix158000000suffix2",
test("prefixTsuffix1-55000000suffix2",
testAttributeValueSyntaxCurly(Path
testSleep11()
test("181460392448suffix",
test("-82013081651suffix",
testConfinedSessionWithSharedDependency()
testJavadoc(SuppressKind
testMultiplyHigh()
test("-4319suffix",
test("I21suffix",
test("prefixIsuffix1\u045176suffix2",
testVectorUCastShortToInt(sspec128,
test("prefixTsuffix1-52.0suffix2",
test("null\u04511suffix",
testPinnedNative()
test_assignment1(a);
test("prefix-52.0suffix1Csuffix2",
test("prefixC(87)suffix119suffix2",
test("prefixIsuffix125000000suffix2",
testVectorCastLongToInt(lspec128,
test_local()
test("-548.0suffix",
test("94000000-42.0suffix",
test("prefix75suffix11000000suffix2",
testValueOfRV()
test("1218suffix",
testShort64ToDouble256(boolean[]
test("9700000018suffix",
testParser()
test("prefix-1410065408suffix1-87.0suffix2",
test("false-9900suffix",
test("-194313216Tsuffix",
testIntMatch()
testRequestHeadersOrder(exchange);
testMax1(int
testDropCoordinates()
test(int
testDirectBulkPutDoubleView()
testPositiveInlineTag(Path
testSealedClassIsCastable()
testInt2(Blackhole
test("-431460392448suffix",
test_GetVirtualThread(jvmti,
testElementNamedGetter()
test("prefix5500suffix1-2900suffix2",
test("prefixC(87)suffix1-1000000suffix2",
test("188.0suffix",
testCompilation()
test("prefix\u04511suffix1-2900suffix2",
test("-1000000-2000000suffix",
test("92-52.0suffix",
testNoInitialization()
testCleanerTermination(Supplier<Cleaner>
test("8000nullsuffix",
test("prefix5500suffix11460392448suffix2",
test("-170503270451suffix",
testVectorCastLongToByteFail(a,
testNotStaticInitNoDefault(TestBuilder
testUnmodifiableModules2(Configuration
testDouble0(double
test("prefix18suffix1-9900suffix2",
testIOException(String
test.withZone(ZoneOffset.UTC).hashCode());
test("\u045176Tsuffix",
test("83.0Tsuffix",
testInvalidKeyType(ED448);
test("prefix-1000000suffix15500suffix2",
test2(array2,
testStream(Stream<Op[]>
test("prefixnullsuffix1-1000000suffix2",
test("prefix51suffix18.0suffix2",
test("3900-52.0suffix",
test(float.class,
testProperties(p,
testInlineShort(Path
test("prefixtruesuffix112suffix2",
testDefaultVsConcrete(TestBuilder
test("7580suffix",
testD256toB64(double[]
test_phantom(pref,
testShuffleIota_64();
test("prefix21suffix175suffix2",
testInt4Kernel(VectorSpecies
testAlgSpec("EC",
testMulVL()
test("prefix-1705032704suffix155.0suffix2",
test_conv_b2f(a1,
test("-820130816\u045180suffix",
testGetCurrentContendedMonitor(jvmti,
test("-290012.0suffix",
test3(test);
test("prefix19suffix1-41suffix2",
test("prefix51suffix1-87.0suffix2",
test("-41falsesuffix",
test("prefix-9900suffix1-42.0suffix2",
testF128toS64(float[]
test("prefixtruesuffix183.0suffix2",
test("prefix-99.0suffix175000000suffix2",
test3(int[]
test("prefixnullsuffix1-820130816suffix2",
testStart()
test7();
test("prefix935228928suffix1\u045180suffix2",
test("prefixC(87)suffix192suffix2",
test("390094.0suffix",
test("prefix-820130816suffix13900suffix2",
testMethod.invoke(invocationTarget,
testConstants();
test("-8400-84.0suffix",
testLargeTextNoAA()
testBindAddress()
test("18Csuffix",
test_get_stack_trace(JNIEnv
test_rol_int(test_int[j],
test_safefetch32_negative();
test("prefix12.0suffix1C(70)suffix2",
testSaveVarargsAnno()
test("C-9900suffix",
testCpuQuotaAndPeriod(150*1000,
test("prefix8000suffix192suffix2",
test("prefix-96.0suffix151suffix2",
testRorOrLong64Eon(val),
test("8.01000000suffix",
test("91-84.0suffix",
testMemoryAccess(String
test("prefix17.0suffix1falsesuffix2",
testZeroLength(String
test3(data,
test("prefix19suffix1-1705032704suffix2",
testUpdateAAD(Cipher.ENCRYPT_MODE,
test("83.0-42.0suffix",
testD256toI128(byte[]
test("97000000-9900suffix",
testBadInsertCoordinatesPosTooBig()
testDec((r.nextLong()
testStridePosScaleNeg(0,
testIOOnSegmentBuffer(Supplier<MemorySession>
testNullCharsets()
test("-8201308165500suffix",
test("94.0Csuffix",
testNameLengthSum();
test("prefix-87.0suffix112.0suffix2",
testModuleAccess();
testHeapDump(false);
testCharConstantLength32()
testWrite(Path
test("\u045180-1705032704suffix",
testPidsLimit(String
testIntCeilDivMod(0,
testMethodNames()
test:"([Ljava/lang/Object;)V"
test(table.get("RootPane.informationDialogBorder"),
test0(FileType.HEXASCII,
testClass.getDeclaredClasses())
testInvokeAll(int
testmap.get_num_set(r.start(),
test("prefix-96.0suffix121suffix2",
test("prefix3900suffix155.0suffix2",
test("-1410065408-1410065408suffix",
test("-99.08000suffix",
testHeapBulkPutLong()
test(TestProvider.ALG_NAME,
testInstanceOfArr:"(Ljava/lang/Object;)Z"
test("prefix19suffix1-87.0suffix2",
test("100000021suffix",
testBadVersion(base,
testSetterPermutations(final
testBadVersion_Warning(Path
test("146039244817.0suffix",
testVectorReshape(bspec64,
test("prefix94000000suffix125000000suffix2",
testWaitNotify4()
test("prefix-55000000suffix1\u045180suffix2",
testNoUpgradeTable()
test("2555.0suffix",
testPositiveInlineTagMarkup_NextLineTwoTags(Path
test("44Isuffix",
test("1812suffix",
testAnno.compLevel()
test(pycc,
testInt0(x)
test("prefix75000000suffix1Tsuffix2",
test("55.025suffix",
test("-19431321680suffix",
testRunOnce();
testIntOpsX(String
testHeapBulkGetShortViewSwapRO()
test_ror_long(long
testEmptyNotCloseable(VaList
test_GetStackTrace(jvmtiEnv
test(B.class,
test("prefix-84.0suffix1-9900suffix2",
test_clear(a);
test("prefix75000000suffix1-41suffix2",
test31()
testFloatConstantLength32()
testClearMemory48B(Blackhole
test("prefix-52.0suffix151suffix2",
testResetSymbolTable()
testUniqueInfoOpt(new
testVectorCastFloatToIntFail(fspec512,
test("-42.08000suffix",
testJpsHostName("12345:37266");
test("prefix-41suffix151suffix2",
test("Tfalsesuffix",
testMethod.attributes.get(Attribute.Code);
test("prefix-42.0suffix118suffix2",
testComputeAN()
test("146039244891suffix",
testConvI2L(inta,
testVarArgArrayParameter()
testMatchResultNamedGroupsTwoNamedGroups()
test("1292suffix",
test("prefix-55000000suffix",
test("94000000-2000000suffix",
test(A.class,
testPositive(base,
testF128toD256(byte[]
testInt4_Int256(r,
testInvokeMemorySegment();
test("-96.03900suffix",
test("121000000suffix",
testDatagramSocketReceiveInterrupt1()
test("prefix51suffix15500suffix2",
testVectorRebracket(a,
test41()
testThreadGroup1()
test1(flags);
test("prefix97000000suffix1\u04511suffix2",
testUB64toS64(byte[]
test(ColorSpace.getInstance(ColorSpace.CS_CIEXYZ));
testLong512ToByte64(boolean[]
testScatterGatherIO(Supplier<MemorySession>
testDirectLoopGetDoubleView()
test("\u045176C(87)suffix",
testSameFileDirEntryName(Entry
test("prefix-43suffix112.0suffix2",
testDatagramSocket(c);
testInterrupt1()
test(metaspace::chunklevel::MAX_CHUNK_WORD_SIZE
test("materializeTest2Snippet",
testLongCeilMod(long
testValidLinks()
test="count(tns:PART_CATALOG_NOTES/tns:PART_CATALOG_NOTE)
test("prefix-820130816suffix1-96.0suffix2",
test("-54nullsuffix",
test("prefix-52.0suffix125000000suffix2",
test(B,
testDatagramSocketAdaptorReceiveAsyncClose(int
testSerialize(origkp,
test("-19431321655.0suffix",
test("18-9900suffix",
testBadFilterCoordinatesPosTooBig()
test("prefix51suffix197000000suffix2",
test("5500Tsuffix",
testCase.apply("",
testParallelize()
testPropertyFilterFactory()
testGetThreadInfo(jvmti,
test("-840092suffix",
testExamples(Path
testNoComment()
test4(a));
test("-2900Tsuffix",
test("prefix18suffix1-1000000suffix2",
test("prefix12.0suffix",
test("-84.0-99.0suffix",
testInt6_Int512(int[]
test("prefix1000000suffix1-96.0suffix2",
test("prefix75suffix121suffix2",
test("prefix94000000suffix112suffix2",
test("prefix-2900suffix1truesuffix2",
test("83.017.0suffix",
test_urshift(a0,
test("75000000falsesuffix",
testReadAfterClose2()
test("prefix97000000suffix1-8400suffix2",
test->verify();
testLoopHoist(int
testOperatingSystemMXBeanAwareness(badMem,
test("-141006540812suffix",
test("1460392448-42.0suffix",
testVectorCastShortToIntFail(sspec128,
testFramework.addHelperClasses(HelperA.class).addScenarios(sDefault).addFlags("-XX:+UseSuperWord").start();
test_dayPeriodParsePattern(String
test("-84.01460392448suffix",
testIntStrictMin(a,
test1Int(int
test.super(docTrees);
testCustomDebianCopyrightSubst()
test("prefixIsuffix1-8400suffix2",
test("55.092suffix",
test(Oid
test("12.0nullsuffix",
testSecondSetShouldThrow()
test("prefix55.0suffix1-194313216suffix2",
test("false75000000suffix",
testDurationMillis(testDurationMillisArg)
test("9244suffix",
testSystemIcon(new
test("prefix-8400suffix1C(82)suffix2",
testNegativeInlineTagMarkup_AttributeValueSyntaxUnquotedCurly(Path
test("prefixC(82)suffix1Tsuffix2",
test("prefixnullsuffix18.0suffix2",
test_long_2()
testShort128ToFloat256(mask);
test("prefixfalsesuffix1-2000000suffix2",
test("prefix12.0suffix155.0suffix2",
testShort256ToInt512()
testOutLen(ccp,
test("prefix5500suffix180suffix2",
testDirectLoopPutFloat()
test("C(82)Tsuffix",
testOnSpinWait()
test("prefix3900suffix112suffix2",
test("7500000094.0suffix",
test_reversebytes_int_transform1(int[]
testVectorCastIntToIntFail(ispec128,
testInline(base,
test("prefix21suffix158000000suffix2",
test("prefix5500suffix112suffix2",
test("prefix1000000suffix1-8400suffix2",
testVectorReshape(bspecMax,
test("prefix\u045180suffix1falsesuffix2",
testSize_fieldObject();
testFuture3(ThreadFactory
testSuppressSerialWarningInItsField()
testScaling(showFrame));
test("8.0-52.0suffix",
test("prefix\u045180suffix121suffix2",
testIntCeilDivMod();
test("prefix91suffix1-99.0suffix2",
testBadVersion_NoWarning(Path
testTerminateBeforeClose(ExecutorService
test("prefix55.0suffix158000000suffix2",
testLongIntCeilDivMod();
test("-55000000-99.0suffix",
testRegisteredTrueEvent()
test_reserve_memory_special_huge_tlbfs_mixed()
testStringCollect()
test("5500-8400suffix",
testHeader.add("test",
testMultipleDumps();
testRandomUnit(randomCount,
test("prefix-52.0suffix192suffix2",
testValues.add(MemoryLayout.ofSequence(10,
test("prefix51suffix1-41suffix2",
test("prefixC(82)suffix119suffix2",
test("prefix44suffix112.0suffix2",
test("prefix-84.0suffix191suffix2",
test("prefix17.0suffix121suffix2",
testFutureGet(ExecutorService
test("I-2900suffix",
testLong_constant_LT32B(int
test("prefix-1705032704suffix1-43suffix2",
testFloatToDouble()
testVectorCastIntToShort(VectorSpecies<Integer>
testOpAfterClose(String
testF256toD256(float[]
test_reserve_memory_special_huge_tlbfs_size_aligned();
testPublicConstructors(Class<?>[]
test_subImm56(a1,
test("1891suffix",
test_float_2()
test("3900-194313216suffix",
test("750000001460392448suffix",
test("800075suffix",
testStringCreation2()
testDivideHoistedDivisor()
testSuspendedVirtualThreads(Thread
testSealedInfo(NotSealed.class,
testExternalSpecs(Path
test("prefix-99.0suffix1-84.0suffix2",
test("prefix-54suffix11000000suffix2",
testLongIntCeilDivMod(Long.MAX_VALUE
test("CIsuffix",
testLongIntCeilDiv(long
testCloneObjectArrayCopy(String[]
testDefaultNSContext()
testD64toF64(double[]
testJoinConfined(ThreadFactory
testArrayFromNativeSegmentWithoutAccess(MemoryLayout
test("T1000000suffix",
testUnixDomainSocketAddressInStream()
testSystemIcon()
test("true55.0suffix",
testIResultIsUnderflow(int
test_rolc_n(int[]
testDouble64(val);
testOverflow("testStridePosScaleNeg",
test("-19431321691suffix",
testL128toB128(long[]
test("prefix58000000suffix1truesuffix2",
test("-96.08000suffix",
test("12.055.0suffix",
test_feature_bit(buffer,
test_runner()
test("prefixC(87)suffix1-55000000suffix2",
testSleep10()
test("prefix\u045176suffix121suffix2",
testAnd()
testq(Address
testTextNoAA_XOR()
test("prefix-194313216suffix1C(87)suffix2",
testFramework.addHelperClasses(HelperA.class).addFlags("-XX:+UseSuperWord",
test("prefix\u045176suffix1-55000000suffix2",
testOverflow("testStrideNegScalePos",
test_helper(array,
testByteMulSub_runner()
test1(ri,
test_rol_long(long
test("nullfalsesuffix",
test("prefix-87.0suffix1-1410065408suffix2",
test("prefix94000000suffix1-2900suffix2",
test("prefix\u045180suffix1nullsuffix2",
testDirectLoopPutCharView()
testWithConstant(Object
testVectorRebracket(sspec256,
test1(TestLateMHInlineExceptions
test(ProtocolFamily
test101CausesRequestFailure()
test("8.075suffix",
test("8.0suffix",
test(long
test("-4191suffix",
test("prefix25000000suffix1-52.0suffix2",
testDefaultDoesNotDominateStatement(Object
testThreadLocal3()
test("TC(87)suffix",
testSocketReadInterrupt2()
testDatagramSocketSendReceive(int
testOwner()
test("prefix-52.0suffix194.0suffix2",
testVectors()
test("-8400Isuffix",
testNewInstance4()
test("8.097000000suffix",
test("prefix75000000suffix125000000suffix2",
test("8.0-1705032704suffix",
test("prefix8000suffix18.0suffix2",
test("21-820130816suffix",
test(Direct|Heap)(Loop)(Put)Int(View)+(Swap)+"
test("9352289281460392448suffix",
testptr(r10_src_klass,
test_dayPeriodParseMidnight(String
testMaxPriority2()
test4(long
testCommandLineFlag()
test("prefix75000000suffix1-55000000suffix2",
test_conv_i2d(a1,
testRorOrLong63Or(long
test("93522892880suffix",
test("prefix18suffix1-1705032704suffix2",
testUnfiltered()
test("T\u045176suffix",
test("prefix935228928suffix112suffix2",
test("prefix12.0suffix1-8400suffix2",
test("1818suffix",
test("prefix75suffix1C(82)suffix2",
test("181460392448suffix",
test("19-41suffix",
test("7500000083.0suffix",
test.newHttpClient(test.proxySelector);
testSequential(String
test("-194313216-820130816suffix",
test("prefix55.0suffix1\u045176suffix2",
test("-99.0935228928suffix",
test("17.097000000suffix",
testHiddenInterface()
test_virtual_space_actual_committed_space()
testConvI2D(doublea,
test("prefix94000000suffix1\u04511suffix2",
test_ror_int(test_int[j],
test("448.0suffix",
test("prefix-820130816suffix1-84.0suffix2",
test("prefix25000000suffix1\u04511suffix2",
test_ror_int(int
testFrame.add("Center",
test("-418.0suffix",
test("prefix-99.0suffix18000suffix2",
testWithArgs()
testInnerClassGetter()
testUncaughtExceptionHandler1()
testMultiRelease()
testShortMulAdd_runner()
testRelativeLinks()
testbitdi(CCR0,
testHTTP11Unexpected101()
test("580000003900suffix",
test_conv_l2b(a1,
testSleep1()
test("C(87)1000000suffix",
test("-194313216-41suffix",
test("prefixTsuffix1935228928suffix2",
test("prefixtruesuffix1-8400suffix2",
test("prefix1460392448suffix1-8400suffix2",
testNegativeHybridTagMarkup_RegionRegionMismatch(Path
test("null-99.0suffix",
test_conv_s2f(a1,
testException(new
testModuleLoad("-verbose:module",
test("prefix-42.0suffix155.0suffix2",
testEqualArrays()
test("prefix-1410065408suffix",
test("prefix75000000suffix1-820130816suffix2",
testZipFs(String
testStandardJavaFileManagerSnippets(Path
test("prefixfalsesuffix125suffix2",
test(TestNestedLocksElimination
testIntResultIsOverflow2(-12));
test("prefix-1000000suffix1-84.0suffix2",
testMethod_inlined(XYVal
test("2144suffix",
test("80C(82)suffix",
test("17.0\u04511suffix",
test("prefixfalsesuffix18.0suffix2",
test("100000094.0suffix",
test("-2900-1410065408suffix",
testNegativeRequest(long
test("prefix-96.0suffix175000000suffix2",
testRandomMilli(randomCount,
testRorOrInt32And(val),
testWithDiamondComplexDiv();
test("83.012suffix",
testPlatformLinkWithCustomPropertyFile(Path
test("55.0-54suffix",
test("7500000044suffix",
testCaseArraySet(List<Object[]>
test("1225000000suffix",
testIllegalAnnotationName(ReservedAnnotation.class);
test("prefix91suffix1-1000000suffix2",
testEqualsMissingMapping()
test("-43-54suffix",
test("58000000-99.0suffix",
testByte(int
testPatternNamedGroupsNoNamedGroups();
test("prefix-1410065408suffix18.0suffix2",
test("C\u045176suffix",
testl(Register
test("91nullsuffix",
test("-55000000935228928suffix",
testBasicRecords()
test("2.4",
test("prefix18suffix1-87.0suffix2",
testGetIV(int
test("51-96.0suffix",
test("prefix25suffix112.0suffix2",
testNulls2()
test("prefix\u04511suffix1-96.0suffix2",
testHeapLoopGetFloatSwap()
test("prefix75suffix118suffix2",
testBlankSysPropValue()
test("-52.0-43suffix",
testVectorCastShortToByte(sspec256,
testValues.add(MemoryLayout.sequenceLayout(10,
test("false18suffix",
test("prefix21suffix11460392448suffix2",
testVectorCastLongToInt(VectorSpecies<Long>
test("prefix-1705032704suffix1-41suffix2",
testDaemon5()
test_gc_state(ctrl,
test("prefix97000000suffix118suffix2",
test("1000000-2000000suffix",
testShortConstantLength0()
testPrintContainerInfoActiveProcessorCount()
testAwaitTermination1(ExecutorService
testVectorCastFloatToFloat(a,
testHeader(new
test_safefetchN_negative();
testCapturingLambda()
test("prefix1460392448suffix1-9900suffix2",
test("C(70)17.0suffix",
testConfinedScopeWithSharedDependency()
test("91935228928suffix",
test("prefix-820130816suffix191suffix2",
test("25-42.0suffix",
test("94000000-52.0suffix",
testInt2Kernel(VectorSpecies
test((x,y)
testCpuQuota(200
test("55.03900suffix",
test("true25suffix",
test("prefix25000000suffix175000000suffix2",
testSocket()
test_GetFrameLocation(jvmti,
test("1460392448-87.0suffix",
testSummarySummaryDocLint(Path
test("1921suffix",
testInterruptClose1(ThreadFactory
testVectorCastByteMaxToShort(VectorSpecies<Byte>
testRorOrLong64Orn(val),
test("97000000Isuffix",
testResolvePermission(boolean
testDropReturnLayout()
testRorOrLong16Eon(val),
testHiddenSegmentGET()
testBootClassPathMismatchTwoJars()
testUnnamedElementAndPropertyGetter()
testRecordInstanceField(Class<?>
testS64toD256(short[]
testVectorCastLongToIntFail(lspec256,
testIntConGT(int
test_update_humongous(&ctrl2,
testVectorCastLongToFloat(lspec512,
testUpcall()
testC.getConstructor(String.class)
test5(long
test("prefix-54suffix117.0suffix2",
testMapOffset()
testNegativeHybridTagMarkup_RegionNotFound(Path
test("8.080suffix",
testLong512ToInt256()
test("\u04517692suffix",
test("T51suffix",
testByteCopy(SegmentSlice
test("byteCopyVirtualization");
testImpersonationSingle()
test("prefix\u045176suffix112suffix2",
test("1460392448Isuffix",
testVectorCastShortToFloat(a,
testAbsL(long
test("prefix-87.0suffix118suffix2",
test("prefix\u045180suffix1-820130816suffix2",
testLargeTextLCD()
test("prefix8000suffix1-99.0suffix2",
testOneDump();
test("prefixC(82)suffix18.0suffix2",
test("prefixIsuffix118suffix2",
test("19-9900suffix",
testReducible()
test1CacheEffectiveness()
testGetSetAttributes()
testConcatFn(String
test("prefixCsuffix1-194313216suffix2",
test(comp.getMouseListeners());
testTimeoutLabel.setText(String.format(
test("prefix-52.0suffix119suffix2",
test("prefix-194313216suffix11000000suffix2",
test("prefix75suffix11460392448suffix2",
test("2500000025suffix",
testAutogeneratedFilename(file,
test("prefix1460392448suffix1-54suffix2",
test("prefix935228928suffix11460392448suffix2",
testParam(ED25519);
testVectorUCastByteToInt(bspec64,
test("8.051suffix",
test("12.0Tsuffix",
test("prefix94000000suffix1-55000000suffix2",
test_system()
testNotDirectory()
test("prefix12suffix1nullsuffix2",
test("19-87.0suffix",
test("prefix-52.0suffix183.0suffix2",
testList.add(x.replace("REPLACE_ME",
test("-52.025suffix",
testFloat512ToByte128(mask);
test("\u04518017.0suffix",
testImage.resolve("lib").resolve("modules"));
testI128toS64(int[]
test_andImm(char[]
testInvokeStatic4()
testReflectionGetDeclaredConstructor()
testEmptyVaList()
testInt256ToDouble512(boolean[]
test("97000000Tsuffix",
testToLongShort(Blackhole
test.run(appPid,
test("-9900Tsuffix",
test("prefix-43suffix125000000suffix2",
test(TestState
testF64toB64(byte[]
test("prefix-2000000suffix1-194313216suffix2",
test("prefix1000000suffix1-820130816suffix2",
test("prefix5500suffix1C(82)suffix2",
test("prefix-96.0suffix1\u04511suffix2",
test("-8400-54suffix",
test(@Ann(v=\"url\",
test("-5475suffix",
testLastTrueByte(Blackhole
test("prefix92suffix1C(87)suffix2",
test(T2.class,
testIt("me.mymodule/me.mymodule.Main");
test("prefix-42.0suffix1-87.0suffix2",
testDirectBulkGetShortViewSwap()
test_safefetch32_positive();
testInterrupt4()
test("prefixC(70)suffix1C(87)suffix2",
testVectorCastShortToDoubleFail(sspec256,
test("-1943132165500suffix",
test("928000suffix",
test("-42.075000000suffix",
test("12\u04511suffix",
testOpsWithNull(String
testNPE();
testLongVarGE(long
testRead1()
test("prefix97000000suffix1C(87)suffix2",
test("prefix-96.0suffix144suffix2",
test("prefix19suffix151suffix2",
test.disambiguationTest("a
test("94000000-87.0suffix",
test("prefix\u04511suffix1-52.0suffix2",
test("prefix17.0suffix183.0suffix2",
test("prefix55.0suffix175suffix2",
test("55.0Tsuffix",
testPolicy2();
testDescription()
test("prefix935228928suffix151suffix2",
testInt5_Int512(int[]
test("prefixfalsesuffix1-96.0suffix2",
testAdditionalScriptFile()
test("17.0-1705032704suffix",
test("prefix83.0suffix1-52.0suffix2",
test("prefixC(70)suffix1\u045180suffix2",
testZeroLengthNativeSegment()
test("-141006540894.0suffix",
test("prefix-8400suffix1-2000000suffix2",
testRotateLeftS()
testCloneShortObjectArray();
testNotDominates1(Object
testPort(String
testDirectBulkGetShortViewSwapRO()
testInheritedThreadLocal3()
test("5800000025000000suffix",
testVectorCastFloatToShortFail(fspec64,
test_stamp(const
test("C(87)12.0suffix",
test("-170503270483.0suffix",
test("prefix-99.0suffix119suffix2",
test_long_0()
test("prefix91suffix151suffix2",
test("prefix75suffix18.0suffix2",
test("-170503270494000000suffix",
test("390075suffix",
testRorOrLong63And(long
testEnumWithGuardsExpression4(E
testDir.resolve(s);
test("prefix-54suffix1Tsuffix2",
testVectorCastDoubleToFloatFail(a,
test("prefixC(82)suffix117.0suffix2",
test("prefix58000000suffix1-9900suffix2",
testIntCeilDivMod(Integer.MAX_VALUE,
testVectorCastDoubleToLong(dspec512,
testLongResultIsOverflow2(-12));
test_thread_suspend_list(JNIEnv*
test("-8400-820130816suffix",
test("prefix44suffix1-2900suffix2",
test("prefix\u045176suffix118suffix2",
test("100000025000000suffix",
testLastOneWinsBindAddress(String
test("805500suffix",
test("T80suffix",
testBadVersion(Path
test("58000000truesuffix",
test("prefix-2000000suffix1-43suffix2",
testPipeReadWrite3()
test("800091suffix",
test("-55000000C(70)suffix",
testReceiverTypeDoesNotCauseError()
testRorAddLong1(val),
test("prefix-54suffix151suffix2",
testFramework.setDefaultWarmup(5000)
test("93522892818suffix",
test("-55000000-820130816suffix",
test_orImm(long[]
testReshapeDouble(IntFunction<byte[]>
tests.stream().map(t
test("prefix-52.0suffix1-820130816suffix2",
test("prefix\u045180suffix158000000suffix2",
testCompatibilityAfterModifyingSupertype(
testIndefinate()
test("C94000000suffix",
testChangeReturnLayout()
testDirectLoopGetShortRO()
test("2525suffix",
testWithInputSize(p,
test.getArguments());
test("prefix\u045180suffix191suffix2",
test4(34);
test("8075000000suffix",
test("-290075suffix",
test_high_ones_low_zeros<int8_t>();
test(false,
testPutOverwrite()
test(long[].class,
testBase64Decode(Blackhole
test.disambiguationTest("a<?
testLongIntCeilDivMod(-1L,
test("-4155.0suffix",
testVectorReshape(bspec256,
testCloneObject(clone,
testVectorCastFloatMaxToByte(VectorSpecies<Float>
testPairs(BufferProxy
testStridePosScalePosInIntLoop2(0,
testJSliderAccessibleAction()
test("prefix-1000000suffix158000000suffix2",
testFramework.start();
test("C(82)75suffix",
test("-82013081683.0suffix",
testJoin30()
testLong512ToByte64()
testIota_512()
test("prefix-42.0suffix13900suffix2",
test(
testOpAfterClose(SegmentMember
testHeapLoopPutShortView()
testBinarySequences(ExchangeValues
test("9700000021suffix",
test("prefix97000000suffix1-84.0suffix2",
test("prefix-9900suffix1falsesuffix2",
test("prefix-43suffix1Csuffix2",
testVectorCastLongToDouble(lspec128,
testServerSocketChannelAcceptInterrupt()
test("9400000051suffix",
test("prefix-87.0suffix125suffix2",
test("prefix83.0suffix144suffix2",
testInvokeFromSubclass(TestBuilder
test.addInitializer(JPackageCommand::setFakeRuntime);
test(Parent.Invoker
test("75000000-96.0suffix",
test("prefix92suffix1-41suffix2",
testRandom(1000);
test("prefix75suffix194.0suffix2",
test("12.0-8400suffix",
testOverflow("testStridePosScaleNegInIntLoop",
testStackWalker()
test("prefix-84.0suffix18.0suffix2",
testHeapLoopGetIntSwap()
testptr(rax_oop,
test("-96.0-1410065408suffix",
test(long.class,
testDoNotAllowCStyleArraySyntaxForRecComponents()
test("prefix92suffix1C(70)suffix2",
test("prefix3900suffix1-52.0suffix2",
test("prefixtruesuffix1-52.0suffix2",
testKeySetRemove()
testMaskXorSame()
test("12suffix",
testInt7Kernel(IntVector.SPECIES_256,
test("92-96.0suffix",
testDouble512ToInt256(boolean[]
testMappedSegmentOperations(MappedSegmentOp
testD256toS64(byte[]
testS512toB256(short[]
test("prefix-41suffix18.0suffix2",
test("prefix-43suffix11000000suffix2",
test("prefix58000000suffix1-1000000suffix2",
testTextBubblesLCD()
test("-2900-84.0suffix",
test("prefix-1410065408suffix1-54suffix2",
test("51-54suffix",
testStructPaddingAndAlign(MemoryLayout
test("55.083.0suffix",
testToString4()
testSequenceInferredCount(MemoryLayout
testUsrInstallDir2()
test("prefixnullsuffix118suffix2",
test("prefix58000000suffix1-55000000suffix2",
test("5183.0suffix",
testFrame(boolean
test.run(CREATE);
testNativeAllocationTooBig()
test("jdk/internal/misc");
test("9197000000suffix",
test.testBootClassPathMismatchTwoJars();
test("2594.0suffix",
testMissingFlightRecorderMXBean()
testOfOverwriteHeaders()
testVectorUCastIntToLong(ispec128,
testJoin2()
test16(int
testNoNPEStaticAnnotatedFields()
test("-290051suffix",
test("C(70)-41suffix",
test("prefix3900suffix1-8400suffix2",
testText()
testReceiver(Field
testRobot.delay(1000);
test("-99.0-2000000suffix",
testBadSealedClass("EmptyPermittedSubclassEntry",
testHeapLoopGetCharViewSwap()
testLongResultIsOverflow1(long
test("prefix-8400suffix112.0suffix2",
testS256toL256(short[]
test("-14100654083900suffix",
test("prefix-2900suffix1-194313216suffix2",
testMemoryCopy()
test("25-84.0suffix",
test("prefix-820130816suffix144suffix2",
testButton.setEnabled(false);
testByte128ToFloat512(boolean[]
test("prefix-1705032704suffix1Isuffix2",
test("5500Csuffix",
test("prefix94.0suffix183.0suffix2",
testHighlight(Path
test("prefix12suffix1-1000000suffix2",
test("-96.08.0suffix",
testNULLLinking()
test("prefixC(87)suffix1-43suffix2",
test("prefix\u045180suffix1935228928suffix2",
test("I5500suffix",
testIllegalAnnotationName(Class<?
test("94.055.0suffix",
testRead2()
testList()
test("-55000000\u045176suffix",
testModalDialogs()
testSame(icc);
testRunWithInterruptSet()
test("44-1705032704suffix",
test("91\u04511suffix",
test_ofLocalizedPattern_unavailable(String
test("21nullsuffix",
test3_runner()
testDivideKnownPositive()
test17(long
test("prefix19suffix175suffix2",
test("prefix97000000suffix1falsesuffix2",
testSize_newObject();
test("1000000-820130816suffix",
test("prefix-54suffix1-55000000suffix2",
testVectorUCastByteToInt(bspec256,
testStrideNegScaleNegNotOneInIntLoop(long
testComplete_Ordered()
testFlog10pow2();
test("prefix44suffix1935228928suffix2",
test("prefix5500suffix1-87.0suffix2",
