testSchemaDeserializationSchema(tableOptions);
testDeserializationWithMetadata()
testContinuousTextFileSource(FailoverType
testTableApiTestExpr(exprString,
testHarness.processElement(binaryRecord(DELETE,
testHash4LeftOuterJoinTask()
testNoDataProcessedAfterCheckpointBarrier()
testFreeingOfReservedSlot()
testThatMaxBufferSizeOfSinkShouldBeStrictlyGreaterThanMaxSizeOfEachBatch()
testDescribeStreamSummaryFailsAfterMaxRetries()
testMultivariateDegenerate()
testCommands()
testCanPushDownLocalHashAggWithoutGroup()
testOnReadBufferRequestError()
testSlotOfferResponseWithPendingSlotOffer(ResponseOrder.REJECT_THEN_ACCEPT);
testTransitionToFinishedOnFailedExecutionGraph()
testGlobalCleanupWhenJobFinishedWhileClosingDispatcher()
testAllApis('f10.element(),
testGPUDriverWithTestScript()
testOutOfOrder()
testHarness2.snapshot(1,
testSubplanReuse_DeadlockCausedByReusingExchangeInAncestor():
testRequestBuffersAfterDestroyed()
testRenameToNonEmptyTargetDir()
testForwardedRead()
testGetNextBufferZeroBacklog()
testSetServiceExposedType()
testSerializationFailsOnTrigger()
testFromCliArgs()
testSetAndGetExtendedResourcesWithoutYarnSupport()
testExceptionWritingAfterCloseForCommit()
testExceptionWhenNewWorksetNotDependentOnWorkset()
testMergeEmptyWindow()
testPartitionHashFirstTest()
testSpecificSerializeDeserializeFromSchema()
testPutBufferFailsIncomingNoJob()
testClearingBuffer()
testDDLWithMultipleColumnsFromSameMetadataKey2():
test_avro_parquet_map(self):
testWriteAvroSpecific()
test_format_basic(self):
testWindowAssignmentWithNegativeGlobalOffset()
testDir.resolve(file1));
testChainingUnorderedTransformations()
testProvidedNullTransactionalIdPrefix()
testDoNotCancelJobIfSavepointFails()
testSpecializedFunctionWithExpressionEvaluation()
testSpec.instances.toArray(
testRestartOnTaskFailureAfterSavepointCompletion()
testIsAvailableAfterFinished()
testMin()
testShutdownForLocallyTerminatedJobStatus()
testProcessingTimeSlidingWindows()
testExitJvmOnOutOfMemory()
testSetUserArtifactBlobKey()
testRandomTempDirectorySelection()
testExceptionOnNoRetainedCheckpoints()
testSemiJoinExistsWTF():
testResult(DataStream<T>
testPoissonSamplerWithUnexpectedFraction1()
testSimpleKey()
testCannotPushDownWithArgFilter()
testMultiChainingWithSplitWithObjectReuse()
testHarness.processElement(nextValue,
testSlotOfferResponseWithPendingSlotOffer(ResponseOrder.ACCEPT_THEN_REJECT);
testAddAfterRelease()
testGetUpsertKeysOnOverAgg():
testSavepoint()
testSetCodecError()
testClaimRestoreModeParsingLongOption()
testLocalPartitionNotFound()
testOperatorChainWithProcessingTime()
testSpec.getTreeBuilder()
testMultiRowsWithNullValues()
testWithEdgesOnTarget()
testSegmentWithSizeLargerZero(MemorySegmentFactory.allocateUnsafeSegment(1));
testJobDataAreCleanedUpInCorrectOrder(JobStatus.FINISHED);
testResourcesForChainedOperators()
testCumulateWindowWithoutRankNumber():
testRegisterInvalidResource()
testSqlRuntimeError(String
testSortPartitionWithKeySelector1()
testSlotRequestRemovedIfTMReportsAllocation()
testDeregisterStreamConsumersOnlyDeregistersEFOLazilyInitializedConsumers()
testEntrypointClusterConfigurationToConfigurationParsing()
testReadNoPosAllGzip()
testUpdateIteratorSpill(
testForwardsRecycleBuffer2()
testQueryNoStatistics()
testSortRowTime()
testCallbackCalledOnNodeCreation()
testCleanupTimeOverflow()
testProjectableJdbcSource()
testUpsertSinkOnAppendingTableWithoutFullKey2():
testInvalidWindowTrigger()
testEventBufferGetMaxCapacity()
testUnregisterInitialCheckpoint()
testJavaApiWithDirectSoltionSetUpdate()
testTuple5CustomObjects()
testRunDefaultActionAndMails()
testWrongTypes()
testMaxAtRangeExclusive()
testRequestSplitWhenNoSplitRestored()
testRetrieveFromJarFileWithUserLib()
test_slot_sharing_group(self):
testFromGlobalFailure()
testOutputToRowDataType()
testWindowAggregateWithInvalidAllowLateness():
testNoSlotSharingAndBlockingResultReceiver()
testConfig.setProperty(KinesisConfigUtil.RATE_LIMIT,
testReceivePartitionNotFoundException()
testMinAndMaxAtRangeMaximumExclusive()
test(int,
testingYarnAMRMClientAsyncBuilder.setUpdateBlocklistConsumer(
testWithTuple1Type()
testReleaseDoesNotTriggersExternalRelease()
testFailingAddWithStateDiscardTriggeredFor(
testTimestampToTimestampWithLocalTimeZone()
testMainThreadUtil.getMainThreadExecutor())
testRetrieveCorrectUserClasspathsWithSpecifiedEntryClass()
test("INT",
testContinuousTextFileSource(tmpTestDir,
testChildFirstDefaultConfiguration()
testCompareOperator():
testNotifyListenerImmediately()
testActiveTimeoutBeforeFirstAnnouncementPassiveTimeout()
testAllApis('f0.lowerCase(),
testAreCompatible8()
testTimesRangeNonStrictOptional2()
testProvider.registerNewSerializerForRestoredState(new
testFetchFirst():
testConcurrentRequestRecycle()
testOptionalFormat()
testTransientBlobCleanup(@Nullable
testReplicatedSourceToCross()
testGetMaxInputChannelNumForResult(
testExecuteSqlWithExplainSelect():
testCheckAndUpdatePortConfigOption("0",
testSqlApi("md5(f40)",
testRead10ConsumersSequential()
test.assertEqual(result2['map']['d'],
testHistogram(int
testNegativeAddress()
testPartialInsertWithDynamicAndStaticPartition1():
testSqlApi("-f5",
testLocalCleanupWhenJobNotFinished()
testWrongNumberOfFieldNames()
testStateAndTimerCleanupAtProcessingTimeGarbageCollection()
testExecutionGraphCancelationOnEnter()
testNegativeScale()
testProcessingTimeTumbleWindow():
testGenerateScopeCustomWildcard()
testProcessWindowStateReader()
testAllApis('f4.abs(),
testTransactionalTable(boolean
testSelectChannelsGrouping()
testAllApis("2016-05-31".toDate
testWriteAndReadData(bd);
testSuccessfulDeletion(level1SubDirWithFile,
testGetJobManagerCustomLogsNotExistingFile()
testEqualsDifferentBlobType()
testStreamEmptyOuterCrossTask()
testUnsupportedException_LateFire():
testBeginWithAtLeastOne()
testAssertJarContainsOnlyFilesMatching(@TempDir
testThreadingModelInProducerConfiguration()
testDateAndVarCharConversionInFilter()
testWithInterval()
testSqlApi("DAYOFMONTH(f18)",
testAllApis('f6.degrees(),
testFileWithMultipleBlocks()
testDuplicating()
testSuccessfulDeletion(Path
testStartWithOptional()
testBuildLeftIntKeyAdaptiveHashJoin()
testDownstreamRegionWillBeBlockedByBlockingEdge()
testTriggerCheckpointWithFinishedChannelsAndSourceChain(
testCloseAndCleanupAllDataDoesNotDeleteBlobsIfCleaningUpHADataFails()
testRunAsyncWithFencing()
testLatencyMarkEmissionEnabledViaExecutionConfig()
testReadBroadcastState()
testManualHashAssignment()
testPojoSortingSingleParallelism1()
testReleaseForFailedSnapshot()
testRegistry.shutdown().get();
testUnionAllSinkWithoutPk():
testAggregateFunction()
testInRestarting()
testSqlApi("IFNULL(not
testDiscardStateForNonExistingFileWithoutAnErrorBeingExposedByTheFileSystem()
testDecideParallelismForForwardTarget()
testMultipleRetainedDuplicateReleaseOriginal(
testCreateTemporaryTableFromDescriptor():
testCheckpointDoneOnFinishedOperator()
testCloseWithoutTaskCommit()
testAddNonPositiveStats()
testExpectedSqlException(sql,
testHarness.processElement(insertRecord(2L,
testHarness.advanceProcessingTime(0,
testHarness1.setup();
testMultiSegments()
testCreateSlice4()
testRequestBuffers()
testAPI()
testAllApis(Array(BigDecimal(2.0002),
testContinuousFailure()
testProcessingTimeHoppingWindows(ZoneId.of("Asia/Shanghai"));
testTableHintWithDifferentOptions():
testDirectoryDownloadedFromDFS()
testNodeHashIsDeterministic()
testJaasModuleFilePathIfWorkingDirNoPresentAndPathContainsSymLink()
testRecordsList.records.size();
testExplainPlan()
testCreateTableWithUserDefinedType()
testIgnoreGlobalFailure()
testClassTimestampAssignerUsingSupplier()
testProjectOnATuple1Input()
testOverprovisioned()
testMaterializedRestore(
testGetNumberOfSubpartitionsFromConsumerMaxParallelismForDynamicAllToAllGraph()
testUpdateSlotReport()
testParentFirstClassLoading()
testSpec.getTreeBuilder().values(testSpec.expressions);
testSortPartitionWithExpressionKeys3()
testSetConfigOption()
testSavepointRestoreSettings()
testConcurrentGetOperations(new
testingRpcService.stopService().join();
testFetchNextInitialState()
testHashJoinWithMultipleInputDisabled()
testSortSecondMatchTask()
testDeserializationGenericRecord()
testRow.setField(11,
testGetPartitionStatsFromCatalog()
testCreateTypeInfoFromInstance()
testTimestampWithLocalTimeZoneToString()
testGetStringInMillis()
testSetJobManagerDeploymentReplicas()
testDeserializationEmpty()
testSetCheckpointConfig()
testSqlApi(s"CAST(${decimal_38_2(6.32)}
testGeneralEventTimeSlidingGroupWindowOverCount():
testMaxSlotLimitAllocateResource()
testObjectSerialization((long)
testPreEmptiveUploadDiscardedOnClose()
testBlobFetchRetries(config,
testHarness.processElement(StreamStatus.ACTIVE,
testSqlApi("'%EST'
testMetricMonitorLifecycle()
testCloseShouldFinishOnFirstServedResult()
testSliceAssignmentWithOffset()
testIntermediateDataSetReuse()
testElectionDriverGainsLeadershipAtStartup()
testSqlTimeTypes()
testRunIfStateWithStateMismatch()
testReleasePartitionGroups()
testContainer.stop();
testResultLessThanExpected()
testSerialIncrementAndDecrementWithCustomDisposeCount()
testHash2RightOuterJoinTask()
testRankOnHashAggWithGlobalShuffle()
testPersistNonFailedChanges()
testCompletedMaterialization()
testChangelogModeSerde()
testRemoveOfNonExistingState()
testConflictExchangeModeWithBufferTimeout()
testInt()
testConnectedComponentsWithObjectReuseEnabled()
testDetachedMode()");
test_keyed_process_side_output(self):
testProcessingTimeQuerying()
testRecoverNonCheckpointedFormatOneSplit()
testArrayConstructor()
testAsyncTimeoutIgnore()
testSavepointRescalingOutPartitionedOperatorState()
testActiveTimeoutAfterBarrierPassiveTimeout()
testInitStatus()
testTempLibFolderDeletedOnFail()
testEmptyAddresses()
testCompressionOnRelativePath()
testHarness3.setProcessingTime(40L);
testExplainAsXml()
testIdealCircumstances()
testSqlInsertWithDynamicTableOptions()
testSqlApi("+f3",
testAllApis('f11.element(),
testPutAndPutWithSnapshot()
testBlobServerCleanup(final
testHistoryFile()
testOutOfTupleBoundsDataset2()
testDecompressBufferWithNonZeroReadOffset()
testJoinKeyExpressions4()
testValues(TestSpec
testCassandraSink.invoke("none");
testAllChannelsUnblockedAfterAlignmentTimeout()
testFixedIndexedPropertiesValidation(property);
testAssignmentMixedLocalHost()
testForName(final
testFailingAllocationReturnsPendingTaskManagerSlot()
testDefaultMethodDelegation()
testDataTypes()
testHarness.extractOutputStreamRecords();
testCreateTableWithFullDataTypes()
testWithVertexAndEdgeLongValues()
testCheckpointer.join();
testExponentialGrowth()
testHashPartitioningPreserved1()
testParseInvalidQuotedStrings()
testHarness.processStreamStatus(2,
testStringBasedDefinitionOnGroupSortForTwoGroupingKeysWithPojos()
testTimeAttributePropagateForWindowDeduplicate():
testSqlApi("IS_ALPHA('123')",
testSuccessfulRpcConnection()
testFixedIndexedPropertiesValidation(property))
testJdbcInputFormatWithoutParallelismAndNumericColumnSplitting()
testPendingStateMatches()
testHarness.processWatermarkStatus(2,
testCustomizedWatermark(true)
test2()
testTimeoutAlignmentAfterProcessingBarrier()
testDefaultDbLogDir()
testSqlApi("FROM_BASE64(f33)",
testSpec("dotInDefaultDatabaseName")
testEnableMultipleMetrics()
testInvalidYarnPropertiesFile()
testNotWaitingForAllRecordsProcessedIfCheckpointNotEnabled()
testMainThreadUtil.execute(
testTwoPhaseSortAggOnSortMergeJoinWithHashShuffle()
testClientConfigOverride()
testPeriodicWatermark()
testSchedulingTopologyWithHybridCrossRegionConsumedPartitionGroups()
testStmtSet.getOperations.map(getPlanner.translateToRel)
testGetExecutionPlan()
testHarness.getProcessingTimeService().setCurrentTime(18);
testGlobalNonDeterministicAggOnAppendSourceSinkWithoutPk():
testSpec.assertConfiguration(pc);
testSqlApi("IF(f7
testSqlCompletion()
testRegisterJobMasterWithUnmatchedLeaderSessionId2()
testPythonScalarFunctionOperatorIsChainedByDefault()
testGroupByNonPrimaryKey():
testArrayValidation(properties,
testStrategyNotifiedOfFinishedVerticesAndResultsRespected()
testHasValidJobResultStoreEntryExtension()
testGrantAndRevokeLeadership()
testClientConfigurationPopulatedTcpKeepAliveDefaults()
testJoinHintWithAntiJoinAndRightSideAsBuildSide()
testMethodCallFailureOnClosedStream(os
testFullOuterStrategy2()
testFixTypeOrder()
testWebCancelFeatureFlag(boolean
testHarness.processElement(insertRecord(9L,
testCreateWritableInfo()
testSetAndFireEventTimeTimers()
testUnrequestedDouble()
testForwardedInvalidTargetFieldType3()
testHarness.setAutoProcess(false);
testLegacyKeyedCoProcessFunctionSideOutputWithMultipleConsumers()
testOrcFileSystemStatisticsReportWithSingleFile()
testAlignedAfterTimedOut()
testAllApis('f28.cast(DataTypes.DOUBLE).truncate(1),
testTableApi('f7.cast(DataTypes.INTERVAL(DataTypes.MONTH)),
testShuffleModePipelined()
testJobDetailsCompatibleUnmarshalling()
testSqlApi(s"IFNULL(REGEXP_EXTRACT($str1,
testCorruptedData()
testHeartbeatTimeout()
testForwardJob()
testGreedyUntilOneOrMoreWithDummyEventsBeforeQuantifier()
testListFunctions_DatabaseNotExistException()
testParseMetricTypesMultiple()
testResumeTransaction()
testHop_OnProctime():
testParallelismGreaterThanMaxParallelism()
testScheduleWithInfiniteDelayNeverSchedulesOperation()
testAllApis(0.hex(),
testPartialConsumePipelinedResultReceiver()
testEventTimeTemporalJoinToSinkWithPk():
testCreateHiveTable()
testAllApis("test".sha1(),
testPartitionReleaseOnSuspendWhileFinished()
testImplicitCasting()
testNoJarNoArgumentsAtAll()
testSimpleFilter()
testDownloadInternal(TriConsumer<CompletedCheckpointStore,
testRunningJobsRegistryCleanup()
testCreateDestroy()
test.testAll();
testConfig.setProperty(ConsumerConfigConstants.AWS_CREDENTIALS_PROVIDER,
testInvalidInputIndex()
testFixedRestartingWhenCheckpointingAndExplicitExecutionRetriesNonZero()
testGetPopulationSizeOnLargeDomainSize():
test_sink.get_results(False)
testImperativeUdaf()
testBloomFilterArguments1()
testDuplicateCatalog()
testCompatibleWithReconfiguredSerializerIntermediateCompatibilityResult()
testScalaConversion():
testSetS3ConfigOptions()
testArrayInPojo()
testSqlApi(s"IFNULL($str1
testAllApis('f2.cot(),
testFailingLocalCleanup()
testPojoSerializerUpgrade(
testStartFromGroupOffsetsEarliest()
testDefaults()
testReadDefaultValues()
testJdbcOutputFormat()
testChangelogSourceAndUpsertSink():
testConfigureDisableOffsetCommitWithoutCheckpointing()
testGetWindowStartForTumble()
test_avro_map(self):
testValuesFromNestedRowObject()
testAlterTable_differentTypedTable()
testReadableBytes(true);
testNamesNotNull()
testLambdaTimestampAssignerSupplier()
testAllApis(atan2('f28,
testInstance.handleRequest(request,
testReaperThreadSpawnAndStop()
test_parquet_row_data_array_write(self):
testCase.ordinal()))
testRollOnCheckpointPolicy()
testSerializationDecimalEncode()
test.getClass.getName.replaceAll("\\.",
testSqlApi(s"IFNULL(REGEXP_REPLACE($str1,
testRowDataSerializer(),
testGateChannelEdgeMismatch()
testReadMultipleSimpleGroup()
testConcurrentSnapshots()
testAlterViewAs():
testingSchedulingTopology.addExecutionVertices().withParallelism(2).finish();
testRow.setField(9,
testKeyGroupSnapshotRestoreScaleUp()
testCoLocationConstraintThrowsException()
testSpec.getEscapeChars());
testBatchStreamExchangeModeLegacyPrecedence()
testAllApis('f7
testComposeAfterwards()
testHarness.setProcessingTime(10);
testHarness.snapshot(1L,
testDynamicFilteringCannotChainWithMultipleInput()
testingRpcService.getScheduledExecutor()));
testInputFormatSource():
testValuesOverrideSchema()
testingResourceManagerGateway.getFencingToken().toUUID()));
testTemporalNullValues():
testNulls()
testBacklogConsistentWithConsumableBuffersForFinishedPartition()
test_stream_sink.set_parallelism(4)
testShuffleMasterLifeCycle()
testUseUnloadedModules()
testCheckPartitionShuffleDOP1()
testStartingPositionRestartFromSentinelLatest()
testRequestPartitionsImpossible()
testContinuousTextFileSource(FailoverType.TM);
testNestedPojoFieldAccessor()
testCleanupWhenClosed()
testCreateConfigMap()
testSuccessfulDeletion(path,
testBreakerForDependentVariable()
testQuiesce()
testNoEfoRegistrationTypeInConfig()
test_get_checkpoint_path(self):
testShipStrategiesIsolated(UNKNOWN_ESTIMATES,
testDeserializeValueEmpty()
testProduceConsume(boolean
testSimpleProjectWithProctime():
testUnsupportedWatermarkAndChangelogSource():
testSqlApi("ROUND(125.315,
testStandardError()
testAllEdgesPipelinedMode()
testAllApis('f37
testProgramWithBackend(syncMemBackend);
testCancellationWithSourceBlockedOnLockAndThrowingOnError()
testCalculateTotalProcessMemoryWithMissingFactors()
testHarness.processElement2(insertRecord(25L,
testMultipleCoalesces()
testLeftOuter3()
testOverAggOnSortAggWithGlobalShuffle()
testWorksetIterationWithUnionRoot()
testConsumerAndProducerMetricsAreUnregisteredAfterShardCompletes()
testData.put(3,
testSetCoordinationFile()
testCancellationWithSourceBlockedOnLockWithPendingMail()
testEnv.getCheckpointUri(),
testNonNullFieldTypeWithDefaultPartitionName()
testGetListState()
testInDegreesSet()
test_write_buffer_flush_max_rows(self):
testWriteReadExternal()
testRestartingOnUpdateTaskExecutionStateWithRestart()
testDirectoryCleanUp()
testKubernetesLeaderRetrievalOnModified()
testFairSelectNextIndexWithAllInputsSelected()
testEmptyParams()
testFilterCannotPushDown3():
testGetWindowStartForHop()
test("varchar(123)",
test("DOUBLE",
testExecutePlanSql()
testRecordApiWithDeferredSoltionSetUpdateWithMapper()
testOptionToOptional()
testIdlenessForwarding()
testSuccessfulCheckpointsArePersistedToCompletedCheckpointStore(
test_is_unaligned_checkpointing_enabled(self):
testElementSerializer.getRevision())
testStartWithDiscoverPartitionsOnce()
testTriggeringCheckpointsWithCheckpointTypeAfterNoClaimSavepoint()
testCommitMultiple()
testMultipleConsumersVertices()
testSerializeAsSequenceNoReuse()
testRoundRobinTaskMappingOnScaleDown()
testWithTriggeredTasksNotRunning()
testTaskAvoidHangingAfterSnapshotStateThrownException()
testMergeSuccess()
testRowTimeBoundedNonPartitionedRangeOver():
testCommitAfterNormalClose()
testPubSubSinkThrowsExceptionOnFailure()
testInstance.add(1);
testAddFailureHandlingForInvalidACLException()
testRetryWithDelayFixedArgsFailure()
testJoinHintWithSemiJoinAndLeftSideAsBuildSide()
testAlterTableStats_TableNotExistException_ignore()
testHarness.setTimeServiceManagerProvider(
testSqlApi("date_format(f22,
testResourceOverviewWithBlockedSlots()
testSubclassException()
testingKubernetesParameters.getLocalHadoopConfigurationDirectory();
testForUnsplittable(FileStatus
testJoinKeyMixedKeySelectorTurned()
testWorkerRegistrationTimeoutNotCountingAllocationTime()
testTryShutdownExecutorElegantlyWithoutForcefulShutdown()
testConvertToSearchStringWithNull():
testPartialPartitioningReuse()
testPartitionByKeyGroupForSizeWithIterator(0,
testCancellationAfterClose()
testExecutionGraphGenerationSetsInitializationTimestamp()
testEnumKeyRejection()
testDenseRankFunction():
testOutputToRow()
testUnexpectedTaskManagerTerminationAfterRunnerCloseWillBeIgnored()
testLoadPodFromTemplateWithNoMainContainerShouldReturnEmptyMainContainer()
testGetNextInputSplit()
testIterativeWithBranchingPattern(false);
testStateIteratorWithUpdate(
testAllowLazyDeployment()
testDynamicIndexFromDate()
testExecutorExtension.getExecutor(),
testSimpleJoinHintWithRightSideAsBuildSide()
testSnapshotAndRebalancingRestore(InternalTimersSnapshotReaderWriters.NO_VERSION);
testObjectSerialization(X
testFailingLocalCleanupAsync()
testAllApis(temporalOverlaps("2011-03-10".toDate,
testSmallerNamespace()
testRecordApiWithDeferredSoltionSetUpdateWithNonPreservingJoin()
testFindLatestAllocationIgnoresFailedAttempts()
testStartTracking()
testHarness.getStreamTask().getCompletionFuture();
testConcurrentReadStateAndProcessAndClose()
testDropTemporaryFunctionNonExits()
testCloseAsyncLookupJoinRunner()
testBlobFetchRetries(
testProgram(StreamExecutionEnvironment
testAccessMetricValueDuringItsUnregister(SlotManager::suspend);
testNoSchedulingIfStabilizationTimeoutIsConfigured()
testMaxArrowBatchSize()
testParsePythonFiles()
testEmptyMergeIterator()
testNegativeExclusiveAndPositiveExlusive()
testGettingEnvironmentWithConfiguration()
testReadListOperatorState()
testingListener.getAddress(),
testTemporalInnerJoinWithFilter()
testSqlApi("IS_DECIMAL('11.4445')",
testSmallGraph()
testCreatePartitionedTable_Batch()
testCancelMapTask()
testHarness.processElement2(createStreamRecord(2,
testResumeBlockedSubpartitionWithUnfinishedBufferFlushed()
testUnconsumedBuffer(deserializer,
testProjectWithWatermarkFilterPushdown():
testNotWriteDataOfTheSameSubpartitionTogether()
testIfDelegatesImplementAllMethods()
testSerializeAndDeSerialize()
testUserDefinedFunctionByUsingJar(env
testExpressionReductionWithRichUDFAndInvalidOpen():
testAllApis("test".sha2('f44),
testPutAndRemove();
testCreateTableWithComplexType()
testHarness.processElement(record("a",
testAccumulatorResultWithCheckpoint()
testInitializationFailureSetsFailureInfoProperly()
testSlotRelease()
testCreateTableLikeInvalidWatermark()
test_cython_time_window_coder(self):
testSerializationPending(int
testAllApis(2.months
testCloseOperationAndFetchResultInParallel()
testInheritedThrowUserExit()
testGetSetReaderIndex(buffer.readOnlySlice());
testObjectSerialization(array);
testSettingOperatorUidHash()
testWithEmptyGraphWithoutVertices()
testTableApi(localTime2Literal(DateTimeTestUtil.localTime("00:00:00")),
testSetup.getTaskExecutorResourceID(),
testShouldNotUpdateTmpDirectoriesInConfigurationIfNoValueConfigured()
testHash3MatchTask()
test_print_with_align_output(self):
testWithGenericParameter()
testCoProcessFunctionSideOutputWithMultipleConsumers()
testInitialBehavior()
testNotSupportInputSelectableOperatorIfCheckpointing()
testRegisterEarlierProcessingTimerMovesPhysicalProcessingTimer()
testSqlApi("`right`(f0,
testOnFailedPartitionRequestDoesNotBlockNetworkThreads()
testReconfigureWithPreviouslyNonregisteredSubclasses()
testPodAnnotationsMerging()
testTableSourceCommitOnCheckpointsDisabled()
testReadAllBytes()
testGetJobManagerLogsListWhenLogDirIsNull()
testRowTimeUnboundedNonPartitionedRangeOver():
testWrongParameters()
testBuilderWithGivenSchema()
testNoneRowKey()
testStateRecoveryWithTopologyChange(TestScaleType.INCREASE_PARALLELISM);
testPassingExecutionParameters()
testAlterTableSerDe()
testFixedRetryLimit()
testSetPosition()
testSqlApi(s"CEIL(${timestampLtz("2018-03-1
testNoReleaseOnConsumptionForHybridPartition()
testIllegalFlatTuple()
testExplicitlySetToLocal()
testConstructor_withDeserializer_succeeds()
testTempInIterationTest()
testTimeoutAlignmentOnAnnouncementForSecondCheckpoint()
testGetBuiltInFunctions()
tester.getTimeCharacteristic());
testNFASerialization()
testClusterPartitionReuseWithMoreConsumerParallelismThrowException()
testIsRunning()
testExternalizedSwitchRocksDBCheckpointsStandalone()
testMergePipelineJarsWithConfiguration()
testDataStreamNotNullEnforcer():
testStatsDHistogramReportingOfNegativeValues()
testCaching()
testScheduleWithNoDelay()
testTemporaryFunctionUDTF()
testHarness.getExecutionConfig().setAutoWatermarkInterval(AUTO_WATERMARK_INTERVAL);
testTriggerUnalignedCheckpointWithFinishedChannelsAndSourceChain()
testSqlApi("SECOND(f17)",
testUsingCommittedOffsetsInitializerWithoutGroupId()
testBatchSizeIsRecordMultiple()
testJsonValue()
testAllApis('f36
testFixedDelayStrategyWithDefaultValues(String
testHarness2.initializeState(initState2);
testOnAddedJobGraphIsIgnoredAfterBeingStop()
testSymbolValueLiteralExtraction()
testStreamScanParallelism():
testWorkingDirectoryIsSetupWhenStartingTheClusterEntrypoint()
testCoGroupKeyExpressions1Nested()
testSortPartitionExpressionKeys2()
test_coordination_file()
testSerializationRoundTrip(Util.randomRecords(numValues),
testResourceCalculationOnSlotAllocatingAndReleasing()
testPlanWithExternalClass()
testDistinctDestroysPartitioningOfNonDistinctFields()
testRunAsync(
testPendingBatchSlotRequestTimeoutAfterSlotRelease()
testForwardsSetAllocator(ReadOnlySlicedNetworkBuffer
testDifferentWatermarkStrategyOutputTypes()
testConflictingFieldNames():
testGetValidLogUrlPatternNotConfigured()
testResultFutureWithSuccess(
testProduceConsume(false,
testCompareShardId()
testGetCpuRoundUp()
testFullOuter10()
testJoinHintWithUnknownTable()
testWindowAggregateOnTimestampLtzWatermark():
testAllApis("test".sha2(256),
testingReporter.getMetrics().size());
testDeserializeToGenericType()
testGetUnfinishedChannels()
testNoTimerFiringForGarbageCollectedMergingWindow(
testDistinctByKeyFields4()
testSqlApi("'1996-11-10'
testClassIsProper()
testSerializeRowDataWithRowKind()
testConcurrentSlowProduceAndSlowConsume()
testAllApis('f21.isNotFalse,
testShutdownExecutorForcefullyNotInterruptable()
testExecuteSqlWithExplainDetailsAndUnion():
testHashWithBuildSideOuterJoin2()
testTemporalTypeEqualsStringType():
testObjectSerialization(Byte.MAX_VALUE);
testRequestsOrdering(
testGenericPojoTypeInference5()
testSlotRequestsAreMatchedInOrder()
testIndividualVertices()
testCloseAfterSubmit(ChannelStateWriteRequestExecutor::submit);
testJdbcInputFormatWithParallelismAndGenericSplitting()
testFailureClosesChannel()
testAppendNoKey()
testReserveMemoryOverLimitFails()
testGroupFollowedByAnyTimesOptional()
testCreateTableWithPrimaryKey()
testOpenAndCloseInSinkFunction()
testPerPartitionWatermarkKafka()
testOfferSlots(true);
testSlotsUnavailableRequest()
testAllApis("2016-02-24
testPreEmptiveUploadNotDiscardedWithoutNotification()
testForkingReduceOnNonKeyedDataset()
testOperation.accept(seg1,
testStringSummary(unresolvedType,
testInteravlJoinSingleTimeCondition():
testWatermarkWithMultiInputUdf():
test_register_slot_sharing_group(self):
testCountWithSingleDistinctAndRetraction():
testShipStrategyCombinationsWithUnknowns(SMALL_ESTIMATES);
testAllocateWithFreeSlot()
testShouldShutdownOnFatalError()
testReaderInfoOfConcurrentAttempts()
testForbiddenLGPMultiLineLongTextWithCommentAndLeadingWhitespaceDetected()
testHandleExceptionWithNormalCompletion()
testRunDefaultAction()
testPendingRecordsGauge(String
testNFACompilerPatternEndsWithNotFollowedBy()
testDiscardAfterReplaceFailureWithInvalidACLException()
testRowDataType()
testEmptySingleDirectoryWriter()
testAlterTableStats_partitionedTable()
testSqlApi("MONTH(f16)",
testPartialResultSubpartitionStateWrite()
testConsumedResultPartitionsProducers()
testForcePullImageTrue()
testAnyPartitioningPushedDown()
testCoGroupKeyExpressions1():
testFinishedBlockingResultPartitionProducerDoNotScheduleNonCreatedRegions()
testingContender.waitForRevokeLeader();
testHistoryServerIntegration(final
testAwsRegionAndEndpointInConsumerConfig()
testingTaskExecutorGatewayBuilder.createTestingTaskExecutorGateway();
testSlotAllocationFulfilledWithAvailableSlots()
testSourceWatermarkInDDL():
testLatencyTrackingAggregatingState()
testMultipleEmptyBuffers()
testSqlApi(s"CAST(TIMESTAMP
testBlobServerCleanup(TestCase.JOB_FAILS);
testAllApis('f2.at(1),
testSqlApi("MONTH(f18)",
testCacheInStreamModeThrowsException()
testSpec.conversions.entrySet())
testExecutionGraphCancellationOnEnter()
testOnEventTimeContinue()
testTimesRangeStrictOptional1()
testError(schema,
testVal1.getBytes(ConfigConstants.DEFAULT_CHARSET);
testGetStartingPositionForTimestamp()
testInternalSSLWithSSLPinning()
testConsumeTimeoutableCheckpointBarrierQuickly()
test.getD().getA().getB());
testUserExceptionHandling(AsyncDataStream.OutputMode.UNORDERED,
testDefaultTransactionalIdPrefix()
testRewriteGenericType()
testJoinWithMixedKeyTypes1()
testDuplicateConsumedOptions()
testCompletionOrder()
testGetResolvedSlot()
testAllApis('f0.substring(1,
testHarness.setProcessingTime(100);
testCoordinatorFailJobOnSourceEventToNonsupportingEnumerator()
testReducingStateMergingEmpty()
testCoGroupKeyFields5():
testUnrequestedMultiParameter()
testUntilConditionFollowedByAnyZeroOrMore()
testAllApis(12.hex(),
testDeletePermanent()
testSqlApi(s"CAST(${decimal_38_18(-12)}
testJoinHintWithAntiJoinAndLeftSideAsBuildSide()
testScaleUp()
testSortBoth2MatchTask()
testSqlApi(s"CAST('-12.2'
testMessage()
testRequirements()
testConcurrentActorSystemCreation()
testSetKeyInternal(IntSerializer.INSTANCE,
testCreatingPipelinedRegionSchedulingStrategyFactoryWithApproximateLocalRecovery()
testFailJobOnUnknownFatalError()
testRowWithUpdateBeforeKindConversion()
testShipFiles()
testConfigurationViaQueryParameters(ProgramArgsParType.List);
testEitherJobClassNameOrJarHasToBeSet()
testGlobFilterSerializable()
testKvStateEntry()
testHarness.getExecutor(priority);
testFailFuturesImmediately()
testFromTuple2WithMapper()
testFunctionForwardedAnnotationPrecedence()
testSortBoth2OuterJoinTask()
testObjectSerialization(-1);
testRandomRecords()
test(Configuration
testFailingReduceTask()
testOuterJoinWithHighNumberOfCommonKeys(
testInvalidMaxInFlightRequests()
testNullStringLiteral()
testStopWorkerBeforeRegistration()
testDeserialization(getPath("debezium-avro-update.txt"));
testSerializationAndSchemaIncludeDeserialization()
testTumbleTVFWithNegativeOffset():
testSlideWindow()
testSetupOfKeyGroupPartitioner()
testCreateSubpartitionOnFailingPartition()
testCompressionOnAbsolutePath()
testResultCompatibility.isCompatibleAfterMigration();
testStringSummary(rawType,
testNullableField(Types.OBJECT_ARRAY(Types.BYTE),
testHashPartitionWithKeyExpression()
testResultCompletion()
testShouldReturnFalseWhenNoKerberosCredentialsOrDelegationTokens()
testPutBufferSuccessfulGet(new
testJoinConditionPushDownLeftAnti4()
testIncluePatternIsNull()
testOneToOneAtLeastOnce(false);
testImmediatelyAvailableAfterPut()
testSqlApi("IS_ALPHA('11.4445')",
testArrayIndexStaticCheckForTable():
testTimeoutHandlingWithinPreviousAndCurrent()
testPreAggregatedTumblingTimeWindow()
testingSchedulingTopology.connectAllToAll(producers,
testSkipToFirstDiscarding()
testJoinKeyWithCustomContainingTuple1()
testDirectory.getName();
testRecover()
testPerJobModeWithDistributedCache()
testRescaleOut()
testMailboxExecutorIsDecorated()
testOuterJoinWithIsNotDistinctFrom():
testAllApis(10.log(),
testEnqueueReaderByNotifyingEventBuffer()
testAllApis(unixTimestamp(ss2),
testDate()
testPutBufferFailsStoreForJob()
testGenerateTaskManagerResourceIDWithoutMetaData()
testSimpleFileWriteAndRead()
testPhysicalSlotResourceProfileRespected()
testAllApis('f5,
testOperatorStatesSnapshotRestoreWithLocalState()
testVerboseErrorMessage()
testPrimaryKeyNameMustNotBeNull()
testUploadCleanupOnFailure()
testFallbackToWindowTopNForUnmatchedOrderKey():
testLong()
testWithSingletonEdgeGraph()
testingLeaderElectionService.stop();
testMultiThreadUploadCorrectly()
testGetAndIncrement()
testSqlApi(s"CAST(${decimal_38_18(null)}
testOpenWithEmptyObjectName()
testGetInflightBuffers()
testClosedButAddRequestAndRegisterListenerRace()
testLeftOuterJoin()
testHarness1.processElement2(new
testPutWithPriorityAndReadingFromMainMailbox()
testCreateDb()
testHiveSqlStatements(String
testTwoTableInvalidImplicitConversionTypes(
testWithAvroGenericSer(final
testConcurrentGetNextBufferAndRelease()
testNullableField(TypeInformation<T>
testGetHistoryServerURL()
testClosingSchedulerShutsDownCheckpointCoordinatorOnFailedExecutionGraph()
testGenerateEnrichedResourceProfile(
testIsNotEndOfStatement()
testFullTopology()
testGetNioBuffer(false);
testResetAccumulator()
test_insert()
testSortTwoBufferInMemory()
testMoveTempFileToStoreSucceeds()
testLocalityBasedOnState()
testAddCheckpointWithFailedRemove()
testMinOutOfRangeExclusive()
testNotifyPartitionDataAvailable()
testAggregateWithProcessWindowFunctionProcessingTime()
testAllApis(nullOf(DataTypes.TINYINT).hex(),
testSqlApi("truncate(cast(42.345
testSqlApi(s"CAST(${value(12)}
testRestoringWithOnlyPendingFiles()
testConfig.setProperty(EFO_CONSUMER_NAME,
testNotifyListenerLater()
testMoveToSecondSplit()
testFalseWhenNotActive()
testFailToConfirmCheckpointAborted()
testRankWithAnotherRankAsInput():
testCyclicCauseChaining()
testSqlApi(s"CAST(${value(6.8242f)}
testProducerEndpointExtraction()
testCorrectnessOfCrossWithBroadcastSet()
testTriggerSavepointCancelJob()
testBroadcastVariableSimple()
testTypeInfoToDataTypeConversion()
testingJar.getName());
testSingleQueuedSharedSlotScheduling()
testKeyGroupRangeOffsetsBasicsInternal(int
testWebSubmitFeatureFlag(boolean
testParallelismOneNotChained()
testDelegationConfigurationWithNullPrefix()
testGetAllInflightBuffers()
testSpecifications.add(
testSqlApi("cast('1990-10-14
testGetDegrees()
testKubernetesLeaderRetrievalOnModifiedWithEmpty()
testConsumersAssignedToSlotsAfterProducers()
testHarness.setProcessingTime(6001);
testCoGroupWithBroadcastSet()
testAlterTableCompactPartition()
testSqlApi(s"CEIL(${timestampTz("2021-03-01
testCalculateNumberOfConsumers(2,
testStopWithExplicitSavepointType("--type",
testGetCpuCoresCommonOption()
testHarness.prepareSnapshotPreBarrier(1L);
testMultipleInserts():
testDecoratedFlinkPodVolumes()
testExecutionGraphArbitraryDopConstructionTest()
testRowTimeDeduplicateKeepFirstRow(false,
test_event_time_tumbling_window(self):
testSetPathsNull()
testDropTable_TableNotExist_ignored()
testCancelingOnProcessFailure()
testOpenWithEmptyBucketName()
testInternalIterableWindowFunction()
testAllApis('f2.bin(),
testCompactMultiPartitionedTable()
testByteBufferPut()
testCanPushDownLocalAggWithoutProjectionPushDown()
testDisconnectJobManagerWithTerminalStatusShouldRemoveJob()
testGroupByKeySelector3()
testTargetUnmonitoring()
testSupportsPausingOrResumingSplits()
testJoinKeyExpressions3Nested()
testLateMerging()
testWatermarkAlignment()
testUDFReturningEmpty()
testFinishedTaskExceedRatioInDynamicGraph()
testUntilConditionFollowedByOneOrMoreConsecutive()
testObjectSerialization(Double.MAX_VALUE);
testRegisterCatalogWithExistingName()
testHeapMemoryPropertyWithArbitraryUnit()
testCompletedCheckpointStatsCallbacks()
testSetAttemptCountRejectsNegativeAttemptCount()
testUpdateWatermark()
testResultFutureWithSuccessfulResultAfterStart(AFTER_CLOSE);
testDropView()
testYarnClientShutDown()
testExpandOutOfTargetDir(@TempDir
testPersistFailedChanges()
testGetJmResourceParamsWithDynamicProperties()
testSortOnly()
testUserDefinedAggCallsWithoutMerge()
testAllApis('f17.floor(TimeIntervalUnit.MINUTE),
testJoinOnChangelogSourceWithEventsDuplicate():
testLoadingRocksDBStateBackendFromConfig()
testTupleArray()
testExcludeHDFSFile()
testGroupingPreserved2()
testPrintWithDirectedRMatGraph()
testEmptyIntersection()
testGetResourceInformationIfMethodAbsent()
testSetBuffer()
testObjectSerialization(0);
test_parquet_avro_union(self):
testJobSuspensionWhenJobMasterStops()
testJobSubmitCancel()
testOnProcessingTimePurge()
testNoConditionLoopingNFA()
testSortAggOnSortMergeJoinWithHashShuffle()
testReplacement()
testAllApis(nullOf(DataTypes.DOUBLE).round(3),
testGroupByKeySelector5()
testBuildFirstHashInnerJoin()
testSerializedCopyAsSequence()
testReducingStateMergingInTargetNamespace()
testSqlResult(sqlSpec,
testSqlApi(s"EXTRACT(MILLENNIUM
testDeployOnlyIfVertexIsCreated()
testEnqueueOnTooManyPending()
testNoStrategySpecifiedWhenCheckpointingDisabled()
testMainContainerEnvMerging()
testInvalidSmallIntAndVarCharConversionInFilter()
testTwoNestedDirectoriesWithFilteredFilesTrue()
testGetMemorySegment(false);
testNoAwsRegionOrEndpointInConsumerConfig()
testGetTotalTime()
testBulkPendingOnCheckIfUnfulfillableButNotTimedOut()
testSignalUnAvailable()
