testAnnotatorSequence(Arrays.asList("tokenize","pos","lemma","depparse","natlog","openie"));
testNumVertices()
testForm()
testEquals();
testOptions().recordTransitionTypes
testInt()
testMovePrune()
testAddScaled()
testConstructor()
testExample(umlautExample,
testMultConst()
testUmlauts()
testNumEdges()
testRound1()
testLive()
testTsurgeon()
testAnnotatorSequence(Arrays.asList("tokenize",
testNaN()
testCompareValues(DoubleAD
testSubstring()
testBasicWithBoundaries()
testFromCoreMapCrashCheck()
testMinus()
testNumberedSister()
testOnTreebank(new
testTreebank.dataset(pwErr,
testSerialization()
testBeforeAfterOffsets()
testCondense()
testIndices()
testConvertStringPhrases()
testRootDescription()
testTwoResultRequest()
testOne("我在 加州 工作 ",
testIllegal()
testProcessor()
testArrayMapEqualsHashMap();
testReorder()
testTwoGraphs()
testScore()
testGetResults()
testSingleMultiRequest()
testGetBaseNameDotTxtSuffix()
testLengthOfMultiWordSentence()
testSentenceFromDocument()
testWord()
testWhiteSpace()
testSerializeToStream()
testConvertToString()
testWordLemmaConstructorLabelWord()
testSimpleDocument()
testPureWhiteSpaceEOLTokenizer()
testGetXmlWords()
testHashMapEqualsArrayMap();
testCharacterOffsetEnd()
testAnnotatorSequence(Arrays.asList("tokenize","pos","lemma","ner","depparse","coref","quote"));
testSetFromStringWord()
testUnifyTokenizer()
testBackref()
testParseIntWithBoundaries()
testBeginPosition()
testEmptyRequest()
testClientFailure()
testNotNull()
testBuildRequest()
testSceneGraph()
testTwoTsurgeons()
testTwoTrees()
testCreateFolds()
testAncestorOfIthLeaf()
testGenericWordConstructor()
testFunctionality()
testOnTreebank(EvaluationDataset
testClient()
testCodepointDocument()
testCharacterOffsetBegin()
testSize()
testEnglishOnWSJDev()
testRemoveVertex()
testScoreDataset()
testCompareValues(correctResult,
testGetBaseNamePdfSuffix()
testRoundWithBoundaries()
testMinusConst()
testCoNLLReturnScores(String
testNegatedDisjunction()
testFromCoreMapCorrectnessCheck()
testGetBaseName()
testSemgrexAnnotation()
testShort()
testStringRepresentation()
testMove()
testDelimiterLength()
testSingleTree()
testOverflow()
testSemgrexJson()
testTreebank.summarize(pwErr,
testGetBaseNameEmptySuffix()
testTwoSemgrex()
testMult()
testAnnotatorSequence(Arrays.asList("tokenize","pos","lemma","truecase"));
testLengthOfOneWordSentence()
testUnclosedMultiRequest()
testStaticMethodCreateOrGetWithLemmaBranchCoverage()
testOnTreebank(List<Pair<ParserQuery,
testOne("我在
testEquals()
testLengthOfOneWordSentenceWithDot()
testSimpleRequest()
testMaxABS()
testSetFromStringWordAndLemma()
testExamples.add(new
testAnnotatorCombinations()
testTregexJson()
testNoTextWhiteSpaceTokenizer()
testWordLemmaConstructorLabelWordLabelTag()
testDivideConst()
testGenericWordConstainsString()
testMemoryTreebank();
testDoubleMultiRequest()
testStaticMethodCreateOrGetWithBranchCoverage()
testSizeThreeIdentityMatrix()
testEnglishOnWSJTest()
testExample(antik,
testTrueCasePipeline()
testConvertCollectionToArray()
testOriginalSentence()
testLog()
testGenericWordConstainsWord()
testReady()
testSetFromStringWordAndLemmaAndTag()
testPlusConst()
testCoNLLReturnScores(testFile,
testAncestorOfLeaf()
testDotProduct()
testFinalGonna()
testPlus()
testReadWrite()
testSemgrexFilter()
testDivide()
testStaticMethodCreateOrGetWithLemmaAndCounterBranchCoverage()
testGoldTrees()
testScoreKBest()
testLongestCommonSubstring(){
testCCLemma()
testLongestCommonSubstring()
testBasic()
testTwoRequests()
testLengthOfSpecialCharacterOnlySentence()
testGetBaseNameNoSuffix()
testTokens.size());
testHashMapEqualsArrayMap()
testWordLemmaConstructorWordTag()
testMultiRequest()
testFlattenArray()
testApostrophes()
testBasicWithBoundaries(){
testLong()
testPreviousWord()
testArrayMapEqualsHashMap()
testUmlautSpaces()
testNextWord()
testAnnotators(combination);
testHome()
testMultipleAttributes()
testCoNLL(String
testEndPosition()
testMultiSemgrex()
testNoWhiteSpaceTokenizer()
testRandomAdd()
testIncludeText()
testAnswerLength()
testAnswer()
testExp()
