testNotifyEntityEqualsOneTimeServiceNeverError(resource,
testFindEntityDataByQueryWithTimeseries()
testSaveFirmwareWithEmptyChecksum()
test('#length',
test(hash.sha1,
testAutoGeneratedCodeByProtobuf(deviceUpdateMsgBuilder);
testFindEntityDataByQueryWithDynamicValue()
testSaveProtoDeviceProfileWithInvalidTelemetrySchemaValuesDateType()
testMapping(needle)
test('defaultSingles',
testSendMessagesToCloud()
test(randomBytesName,
testLessErrorsInDocument();
testFindSystemParams()
test(this.props,
testSaveFirmwareWithEmptyDeviceProfile()
testUpdateClientsParams()
testDevices();
test('dotSlashEmpty',
testParseBigDecimalAsLong()
testSaveProtoDeviceProfileWithInvalidTelemetrySchemaTsField()
testAssertionMessage(/a/,
testSubscribeToAttributesUpdatesFromServerWithEnabledJsonCompatibility()
testFindDevicesByTenantIdAndIdsAsync()
testNotifyManyEntityManyTimeMsgToEdgeServiceEntityEqAnyAdditionalInfoAny(HasName
testUpdateAlarmViaDifferentCustomer()
testBuildInvalidUri()
testFindAssetInfoByTenantIdAndAssetProfileId()
testNotificationMsgToEdgeServiceNever(entityId);
test('opts.fs
testWithX509TrustConnectLwm2mSuccess()
testObserveNoImplementedInstanceOnDevice_Result_NotFound()
testIsNotValid(String
testDeleteUserWithDeleteRelationsOk()
testConnection(TenantId
testPort()
testHelpers.setCookieStoredLevel('gibberish');
testConfig(options.peerDependencies,
testPushMsgToRuleEngineNever(entityId);
testDeleteAlarmExceptionWithRelationsTransactional()
testSaveFirmwareWithEmptyType()
testNotifyEntityNever(EntityId
tests](http://bestiejs.github.io/json3/test/test_browser.html).
testLogEntityActionEntityEqClass(entity,
testFirmwareUpdateWithClientWithoutFirmwareOtaInfoFromProfile()
testFindAuditLogsByTenantId()
tests.push(test);
testSaveProtoDeviceProfilePublicImportsNotSupported()
testTimeseriesWithFailures()
testCleanCacheIfEdgeRenamed()
test('export',
test("can
test('slashBreak',
test('Abstract
testAutoGeneratedCodeByProtobuf(attributesRequestMsgBuilder);
testConcurrentFetchAndUpdateMulti(TenantId
testExportImportAsset_withCustomer_sameTenant()
testDeleteDeviceProfileExceptionWithRelationsTransactional()
test_EasyXml_simple(self):
testSaveDeviceWithFirmware()
testExportImportBetweenTenants(dashboard,
testNotifyEntityEqualsOneTimeServiceNeverError(dashboard,
test_no_cycle_dag(self):
test('assert.strictEqual',
testFilePath(filepath)
testDocumentSeparator(state)
test("setting
testSaveQueueWithEmptySubmitStrategyType()
testExportImportSingleRuleChain_betweenTenants()
testNotificationUpdateGatewayTime(int
testPushMsgToRuleEngineOne(originatorId,
testWidgetsBundleAndWidgetType();
test('biz',
testEntityDaoWithRelationsOk(customerDevice.getId(),
test_color_style('null',
testHierarchicalFindEntityDataWithAttributesByQueryWithLevel()
testExportImportWithRelations_sameTenant()
testMapper(tt,
testDomElement(document)
testNotifyEntityDeleteOneMsgToEdgeServiceNever(HasName
test-operation();
test('r
testSaveDevicesWithoutMaxDeviceLimit()
testBuildSimpleUri()
testParseBigDecimalOutOfLongRangeWithoutParsing()
test("Mix",
test('native',
test('table',
testDeleteDashboardExceptionWithRelationsTransactional()
testAssets();
testPeriodicFlowSameThread()
testBroadcastEntityStateChangeEventTime(tenantId,
testNotifyEntityError(customer,
test("string
test('replace
testSendNotificationMsgToEdgeServiceTime(entityId,
testWithX509NoTrustConnectLwm2mSuccess()
test('no',
test("passing
testNoReplacement()
testDeleteTenantOAuth2ClientsParams()
testAutoGeneratedCodeByProtobuf(relationRequestMsg);
test("edge
testClearDomainParams()
testConvertToMSBuildSettings_empty(self):
testWriteUpdateValueMultipleResourceById_Result_CHANGED()
testConcurrentTransaction()
testToStringSystemTenant()
testDuplex(true,
test('base',
test.only.indexOf(impl)
testFindAppSecret()
testProtoSubscribeToAttributesUpdatesFromTheServerGateway()
testGatewayClaimingDeviceWithoutSecretAndDuration()
testSaveDeviceProfileWithQueueFromDifferentTenant()
test('saturated',
testExportImportWithRelations_betweenTenants()
testNotifyEntityNever(savedAssetProfile.getId(),
test('faulty
test('base64:
testSaveAssetProfileWithSameName()
testServerMqttTwoWayRpcOnShortProtoTopic()
testTelemetryIsNotDelivered(Device
test('bare',
test(slurp("tests/ngmin-tests/ngmin_with_annotations.js"),
testSubmitSmsTwoFaAccountConfig()
testMaxRetryTime()
testFindQueueByTenantIdAndName()
testSaveAssetProfile()
testValidateMSVSSettings_settings(self):
testCreateNewRelation()
testSimpleOneArgumentFunction(TbRuleNodeMathFunctionType.SINH,
testAcknowledgeAlarmViaCustomer()
testHelpers.setStoredLevel("error",
testConcurrentFetchAndUpdate(TenantId
testVerifyAndSaveTotpTwoFaAccountConfig()
test("mutable",
testRateLimitWithGreedyRefill(capacity,
testFindAssetInfoByTenantIdAndType()
testRelations();
test.createStream()
testParseAsDoubleWithZero()
testsuite_error(bailout_message)
test('checkPass',
testWithNoSecConnectBsSuccess_UpdateNoneSectionAndLm2m_ConnectLwm2mSuccess()
testBufs('YWJj',
test("undefined",
testAutoGeneratedCodeByProtobuf(builder);
testFindAlarmsViaCustomerUser()
testSaveQueueWithNotIsolatedTenant()
test('headers',
test("merge",
testExportImportAsset_sameTenant_withCustomer()
test('cancel
testProtoSubscribeToAttributesUpdatesFromTheServerOnShortTopicWithEnabledJsonCompatibilityAndJsonDownlinks()
testUpdateRuleChainMetaDataWithCirclingRelation()
testBufs('a\u0234b\u0235c\u0236',
testPushMsgToRuleEngineOk(entity,
testGetPlatformTwoFaSettings_useSysadminSettingsAsDefault()
testGetTwoFaAccountConfig_whenProviderNotConfigured()
testActorsAndMessages(1000,
testAttributes()
test._tests.push(t);
tester(spec
testNotificationMsgToEdgeServiceNever(entity_NULL_UUID);
test("Hex
testDocument(document)
test("doesnt
testDeviceProfiles_coap()
testedType.features.every(requiredFeature
testAssertionMessage({},
testAttributesUpdatedMsg(Device
testAutoGeneratedCodeByProtobuf(MessageLite
testImplicitResolving(state,
testDeleteRelationConcurrently()
testSupersetKeys()
testAssertionMessage(100,
testCtx.getInvocationCount().get());
testTelemetryIsNotDelivered(clientIdAndUserNameAndPasswordDevice3,
test('',
test('DateFromTime',
testAutoGeneratedCodeByProtobuf(ruleChainMetadataRequestMsgBuilder);
test.skip('no
test('assert.ifError',
test('non-symbol
testServerMqttOneWayRpcWithEnabledJsonCompatibilityAndJsonDownlinks()
testPushTelemetryWithTs()
testTwoFa_totp()
testKey(id,
testClearAlarmViaAnotherCustomer()
test(this)
testReadSingleResourceByKey_Result_CONTENT_Value_IsLwM2mSingleResource()
test('quux',
testToStringCustomTenant()
testSaveQueueWithEmptyProcessingStrategy()
testAcknowledgeAlarm()
testDisableParams()
testNotifyEntityOneTimeMsgToEdgeServiceNever(null,
testAuthenticateWithOutdatedRefreshToken()
testSaveFirmwareInfoWithExistingTitleAndVersion()
testSubmitSmsTwoFaAccountConfig_validationError()
testLocalStorage()
test('minimal',
testRequestAttributesValuesFromTheServerOnShortJsonTopicWithEnabledJsonCompatibilityAndJsonDownlinks()
test('shimmed',
test('TimeClip',
testAssertionMessage([1,
test('idle()',
test(adf,
testDeviceReachedMaximumAllowedOnCloud()
testPushMqttAttributes()
test-value();
testSendDeviceToCloud()
testSaveDevicesWithInfiniteMaxDeviceLimit()
test-call();
testNotifyEntityEqualsOneTimeServiceNeverError(entityView,
testConvertToMSBuildSettings_minimal(self):
testAll()
testSendDeviceRpcResponseToCloud()
testCreateAlarmsWithPropagationToTenantWithDynamicTypes()
test("Named
testEl.css({
test("document
testCurrentChar()
testLessErrorsInDocument(true);
test('buffer.compare
test('multi',
test('woo',
test.testName).toLowerCase();
testEmptyProfile()
testCurrentCustomersAttributeForDynamicValue()
testDuplex(false,
testEntityDaoWithRelationsOk(tenantId,
testWriteReplaceValueSingleResourceById_Result_CHANGED()
test.emit('error',
test('txt',
test('differentiates
test();
testJsonSubscribeToAttributesUpdatesFromTheServerGateway()
tests.forEach(test);
testAssignDeviceToTenant()
testBufs('c8a26161',
testPushMsgToRuleEngineNever(EntityId
testUpdateEntityViewFromDifferentTenant()
testNodeScript(script:
testRequestAttributesValuesFromTheServerOnShortProtoTopic()
testExportImportSingleCustomer_sameTenant()
test('strings'
testDeleteDeviceProfileWithExistingDevice()
test('shadowed
testFindByEmail()
testEntityDaoWithRelationsTransactionalException(assetProfileDao,
test(path)
testProvisioningCreateNewDeviceWithoutCredentials()
test('text
testOtaPackages()
testSaveDeviceProfileWithDashboardFromDifferentTenant()
test('isBuffer()',
test('buffer.copy',
test('sync
test.deepEqual(encoding.convert(input,
testExportImportCustomer_sameTenant()
test('acyclic
testFailedInit()
testFindTenantFirmwaresByTenantIdAndHasData()
test('polyfilled
test('buffers',
testBroadcastEntityStateChangeEventTimeManyTimeTenantProfile(savedTenantProfile,
testPushAttributesOnShortTopic()
testSaveQuoteInString()
testBufs(string,
test('.alloc(size,
testPushMsgToRuleEngineTime(matcherOriginatorId,
test('Buffers
testSaveDevicesWithMaxDeviceOutOfLimit()
test('clobber-pre',
testAssignEntityViewToEdge()
test('node
testFindAlarmsViaDifferentCustomerUser()
test('Map',
test('buffering',
testDiscoverInstance_Return_CONTENT_LinksResourcesOnLyExpectedInstance()
testRpcCall();
testAutoGeneratedCodeByProtobuf(deviceCredentialsUpdateMsg);
testDomComment(window.document)
test('find
testEntityDaoWithRelationsTransactionalException(assetDao,
testInvalidTemplate(invalid);
test100KActorsAnd1Messages5times()
test('assert.deepEqual
testPostAttributesMsg(Device
testLogEntityActionErrorAdditionalInfo(matcherEntityEquals,
testEntityDaoWithRelationsTransactionalException(deviceProfileDao,
test("null
test('indexes
test_cycle_two_nodes(self):
test('arrays
testNotifyEntityOne(updatedAlarm,
test(EntitiesVersionControlSettings
testKey(pattern,
testAutoGeneratedCodeByProtobuf(uplinkMsg1);
testEnumerableOwnNames(t,
test.replace(/[-[\]{}()*+?.,\\^$|#\s]/g,
test_Valid(self):
test("once",
testVerifyAndSaveSmsTwoFaAccountConfig_differentAccountConfigs()
test('old
testSubmitTotpTwoFaAccountConfig_validationError()
testSaveCustomerWithViolationOfValidation()
test('stringArgs',
test('writeUint8
testing](#development-and-testing)
testAssertionMessage(true,
testBroadcastEntityStateChangeEventTimeManyTimeTenant(savedTenant,
testGenerateSmsTwoFaAccountConfig()
testEntityDaoWithRelationsOk(EntityId
test('OwnPropertyKeys',
testReadCompositeSingleResourceByKeys_Result_CONTENT_Value_3_0_IsLwM2mSingleResource_19_0_3_IsNotConfiguredInTheDeviceProfile()
testConnectAndObserveTelemetry()
testSequentialTimeseriesPersistence()
test('MakeTime',
test('exports
test('$NODE_PATH',
test('killAndDrain',
testAssignDeviceToEdge()
test${1:Name}()
test-atrule("@charset";
testEqualKeys()
tester(element)
testGetDefaultEdgeRuleChains()
testNotifyEntityOneTimeMsgToEdgeServiceNever(defaultDeviceProfile,
testAlarms()
testBuildSimplePredicateQueryOperations()
testCreateAlarmWithDynamicSeverityFromMessageBody()
testPushAttributesGateway()
test('Test
testSaveSystemParamsWithMultipleDomains()
testAutoGeneratedCodeByProtobuf(uplinkMsgBuilder1);
testFindByQueryOneMilisecondPeriod()
testPushAttributesWithEnabledJsonBackwardCompatibility()
test('nonzero
testDeleteDeviceProfile()
testNotifyEntityOneMsgToEdgeServiceNever(HasName
testSaveTenantWithViolationOfValidation()
testIsOAuth2Allowed_true()
test_big_cycle(self):
testSaveAndFindRelationsByFrom()
testCurrentDeviceAttributeForDynamicValue()
testRequestAttributesValuesFromTheServerGateway()
testRateLimits_intervalRefill()
testSimpleOneArgumentFunction(TbRuleNodeMathFunctionType.SIN,
testTimeseries();
test(randomBytesName
test('multi
test(environ,
test(slurp("tests/has_inject.js"),
testExportImportRuleChain_sameTenant()
test('stringify()',
test('Object.create(null)',
testCtxes.add(testCtx);
testFindAuditLogsByTenantIdAndEntityId()
testTelemetryIsDelivered(clientIdAndUserNameDevice1,
testAssertionMessage('',
testNotifyManyEntityManyTimeMsgToEdgeServiceEntityEqAny(new
test(module,
test_BinaryNamesWindows(self):
testGatewayServerMqttOneWayRpcWithEnabledJsonCompatibilityAndJsonDownlinks()
test('functions',
testPointsInComplexPolygons()
test(slurp("tests/optionals/angular-dashboard-framework.annotated.js"),
test("TinyColor
testNotifyEntityEqualsOneTimeServiceNeverError(createDeviceProfile,
testAutoGeneratedCodeByProtobuf(MessageLite.Builder
testRetryForeverNoRetries()
testSaveQueueWithEmptyPollInterval()
test('removes
testRetries()
testSaveQueueWithEmptyTopic()
test.expect(1);
testSimpleOneArgumentFunction(TbRuleNodeMathFunctionType.ABS,
test('detect
test_color_style('string',
testGetOAuth2ClientsForHttpAndHttps()
testNotifyEntityAllOneTime(savedUser,
test('dot
testWriteReplaceValueSingleResourceR_ById_Result_CHANGED()
testHelpers.withFreshLog(function
testSaveOtaPackageCantViolateSizeOfVersion()
testDocument(window.document)
testSimpleFlowMultiThread()
test('msFromTime',
test('Basic
testCustomerInheritModeForDynamicValues()
testTelemetryIsDelivered(accessToken2Device,
test("PRGB
testDeleteAssetProfile()
testIt(pass1024,
testSaveTbResourceWithEmptyTitle()
testSimpleTwoArgumentFunction(TbRuleNodeMathFunctionType.MULT,
testAgainstStringOrRegExpOrArray(value,
testFunc(links[i]);
testCleanCacheIfAssetRenamed()
test('interpolate
test('buffer.equals
testAutoGeneratedCodeByProtobuf(deviceRpcCallResponseBuilder);
testReadAllInstancesInClientById_Result_CONTENT_Value_IsInstances_IsResources()
testInheritTenantAttributeForDuration()
testSendSms()
testAssertionMessage(0,
testFindTenantAssetTypesAsync()
testFindPropagatedCustomerAssetAlarm()
testProp(
testSaveSameTenantProfileWithDifferentIsolatedTbCore()
testSaveDeviceProfileWithInvalidProtoSchema(String
testFindDeviceInfoByTenantId()
testConstructRuleChainMetadataUpdatedMsg_V_3_4_0()
testDeleteFirmwareWithReferenceByDeviceProfile()
test_color_style('date',
testSaveQueueWithEmptyPoolInterval()
test.valid.forEach(valid
testExportImportDeviceWithProfile_betweenTenants()
testParseAttributesBigDecimalAsLong()
testFindEntityDataByQuery_operationNotContains_emptySearchQuery()
test('handles
test('has',
testHelpers.setStoredLevel("trace");
test('countFail',
test-detached-ruleset();
testSaveAndFindRelationsByToWithRelationType()
test('already
test('is
tests](https://github.com/paulmillr/readdirp/blob/master/test/readdirp.js)
test('through
test_Cycle(self):
testSaveHttpAndMixedDomainsTogether()
testHelpers.setLocalStorageStoredLevel('gibberish');
test-collapse();
testConfig(config,
testNotifyEntityMsgToEdgePushMsgToCoreOneTime(savedDevice,
test.sort(undefined);
testSaveDuplicateProviderId()
testSaveDeviceWithFirmwareFromDifferentTenant()
test('timeout',
testConstantKeyFilterSimple()
test('sanity
tests](https://github.com/auth0/angular-jwt/blob/master/test/unit/angularJwt/services/jwtSpec.js)
testController(Socialshare)
testAutoGeneratedCodeByProtobuf(customerUpdateMsg);
test('basic',
testNotifyEntityBroadcastEntityStateChangeEventOneTime(savedDeviceProfile,
test('whichNodeArgs',
testFindTemplate()
testDeleteAssetExceptionWithRelationsTransactional()
testExternalIdsInExportData()
test('SecFromTime',
testEmptyKeyGet();
testSaveDeviceProfile()
testClearAlarmViaDifferentTenant()
testCreateObjectInstanceWithInstanceIdAlreadyExistsByIdKey_Result_BAD_REQUEST()
testcases.forEach(function(tc)
testSaveTwoFaSettings_validationError()
test("replace",
test(filePath)
testSplitWithoutSpace()
test('IsDataDescriptor',
testSaveQueueWithEmptyProcessingStrategyType()
test_2_plus_2_meta()
testPushTelemetryGatewayWithMalformedPayloadAndSendAckOnErrorDisabled()
testSaveQueueWithEmptySubmitStrategy()
test('sync',
testFindClientsByPackageAndPlatform()
test(test)
test('from
test('#211
testFindAllClientRegistrationInfos()
testDeleteOAuth2ClientRegistration()
testConcurrentFetchAndUpdate()
testDeleteDeviceProfileWithDeleteRelationsOk()
test:a,alternate:b,consequent:d}):a},logicalOR:function(){for(var
test('values',
test('bonjour.unpublishAll',
testFindDefaultDeviceProfileInfo()
testHelpers.clearStoredLevels();
test("error",
testAutoGeneratedCodeByProtobuf(attributesRequestMsg);
test('#indexOf()',
testAutoGeneratedCodeByProtobuf(userCredentialsUpdateMsg);
testDiscoverResourceAbsentInObject_Return_NOT_FOUND()
testNotifyEntityEqualsOneTimeServiceNeverError(HasName
test('umask
testSaveQueueWithNegativeProcessingStrategyFailurePercentage()
test-assignment();
testLossy(t,
testVerifyAndSaveTotpTwoFaAccountConfig_incorrectVerificationCode()
testFrames(t))
test('buffer.compare',
testLessInDocument(isConsole
testDeleteTenantDeletingAllRelatedEntities()
testObserveRSourceNotRead_Result_METHOD_NOT_ALLOWED()
test_${2:description}(self):\n			${3:#
testPointsInSimplePolygons()
testSaveAssetProfileWithRuleChainFromDifferentTenant()
testSaveTotpTwoFaProviderConfig_validationError()
test(elem){
testSaveProtoDeviceProfileWithInvalidRpcRequestSchemaMethodDateType()
testNotificationMsgToEdgeServiceNever(EntityId
testCtxes.forEach(ctx
testAutoGeneratedCodeByProtobuf(userUpdateMsg);
testNotifyEntityNever(savedView.getId(),
testFindByQuery_whenPeriodHaveTwoInterval_whereSecondShorterThanFirst_andNotAllEntriesInRange()
testSemiDisjointKeys();
test('baz',
testSaveProtoDeviceProfileEnumOptionsNotSupported()
test('comprehensive',
test("various",
testNotifyManyEntityManyTimeMsgToEdgeServiceEntityEqAny(foundEntityView,
test('chmod',
testFindByQuery_whenPeriodHaveTwoInterval_whereSecondShorterThanFirst()
testWriteReplaceValueSingleResourceByKey_Result_CHANGED()
test("HSL
testEntityCountWsCmd()
test('AAAA
testSimpleOneArgumentFunction(TbRuleNodeMathFunctionType.TAN,
testCreateNewTenantParams()
test('ToPrimitive',
test("does
testUpdateAlarm()
testNotifyEntityEqualsOneTimeError(device,
testCountEntitiesByQuery()
testExceptionFlowSameThread()
testNotifyEntityAllOneTime(assignedDevice,
test("success",
testExportImportSingleAsset_sameTenant()
test('computeSegmentHeading
test('asRatioToPathLength
testAssertionMessage('foo',
testBufs('yKJhYQ==',
test('common',
testActorsAndMessages(int
testFindClientRegistrationById()
testProvisioningCreateNewDevice()
test_no_cycle_line(self):
test(module);
testFindAssetsByTenantId()
test('WeakMap',
testRandomCandidates(schema)
testLatestTsAndVerify(EntityId
test('regexes',
testNotEmpty()
test('custom
testIt(nonrsa1024,
test('utf16le
test("With
test('ToPropertyDescriptor',
test(TbActorId
test('chmod-pre',
testAutoGeneratedCodeByProtobuf(ruleChainMetadataUpdateMsg);
testFindEntityDataByQuery_operationStartsWith_emptySearchQuery()
testManyUser.setTenantId(tenantId);
testPushTelemetryGateway()
test('mug',
testCreateAndParseAccessJwtToken(SecurityUser
testCurrentDeviceAttributeForUseDefaultDurationWhenDynamicDurationValueIsNull()
testNotifyEntityEqualsOneTimeServiceNeverError(edge,
testDispersionOnResolveByPartitionIdx()
testNotifyEntityEqualsOneTimeServiceNeverError(device,
testArrayReplacementDoesNotWork()
testEmptyKeySet()
testSaveFirmwareWithEmptyTitle()
test("Invalid
testEntityDataLatestAttrWsCmd()
testDevice.getId().getId().toString(),
test('Arrow
test('simple
test('arrays',
test('newlines
testWithNoSecConnectBsSuccess_UpdateBootstrapSectionAndLm2m_ConnectLwm2mSuccess()
testCreateObjectInstanceWithInstanceIdMandatorySingleObjectById_Result_BAD_REQUEST()
testSameKeysReplacement()
test("default
test1MActorsAnd10Messages()
testGetRpcsByDeviceId()
testFindTenantResourcesByTenantId()
testFindAssetProfiles()
testSaveQueueWithInvalidName()
test('passes
testHelpers.setLocalStorageStoredLevel("debug");
test('resolve('
testDeleteAlarmViaDifferentTenant()
testFindDefaultAssetProfileInfo()
testDashboards();
testNotifyManyEntityManyTimeMsgToEdgeServiceNeverAdditionalInfoAny(HasName
testWithRpkConnectLwm2mSuccessAndObserveTelemetry()
testExecuteRebootById_Result_CHANGED()
test(scope,
test.deepEqual(that.order,
testFindAuditLogsByTenantIdAndUserId()
testUpdateAlarmViaDifferentTenant()
testNotifyEntityAllOneTime(foundView,
testFindAsync()
testExportImportDashboard_betweenTenants_withCustomer_updated()
testTenantInheritModeForDynamicValues()
testProvisioningCreateNewDeviceWithMqttBasic()
testGetClientRegistrationWithTenant()
testNotificationMsgToEdgeServiceNeverWithActionType(entityId,
testConnectWithRPKAndObserveTelemetry()
test_2_plus_2_attr_and_ts()
testAssignFirmwareToDeviceWithDifferentDeviceProfile()
tester.test();
testDirNames[getEncoding()]
testGatewayClaimingDevice()
testScript_whenMetadataWithoutPropertiesValueNull_returnMetadataWithAllValue()
testProvisioningDisabledDevice()
testFunc.toString()).indexOf('testFn')
test('util.isArray',
test('do
testConfig(options.devDependencies,
test('symbols',
testSemiDisjointKeys()
testPackageFilter(true));
test("other
testSaveRuleChainWithViolationOfLengthValidation()
test[0].split(/\s+/)
testAssignDashboardToEdge()
testSaveTestTwoFaSettings()
test('0
testObserveCancelOneResource_Result_CONTENT_Value_Count_1()
test('different
testDeleteRelationWithOtherToDeviceError()
test.table.reduce(function(acc,
testNotifyEntityEqualsOneTimeServiceNeverError(asset,
test('getCiphers',
testBufs('\u0222aa');
testReadCompositeSingleResourceByKeys_Result_CONTENT_Value_3_0_IsLwM2mSingleResource_19_0_0_AND_19_0_1__IsLwM2mMultipleResource()
test('Type',
test('buffer.toJSON',
test('sync:
test('new
testBroadcastEntityStateChangeEventTime(EntityId
testPushTelemetryGatewayWithMalformedPayloadAndSendAckOnErrorEnabled()
testFindTenantTbResources()
testNotifyEntityAllOneTime(savedDevice,
testExportImportRuleChain_betweenTenants()
test('MinFromTime',
testPushMsgToRuleEngineTime(ArgumentMatcher<EntityId>
testFn(item)
testRewriteSameDomainTenantParams()
test('whitespace
test('tud,bar',
test('modifying
test('TimeWithinDay',
test('multiple
test('not
testSaveTbResourceWithInvalidTenant()
test("delete",
testTimeoutsAreIncrementalForFactorsLessThanOne()
test_param(self):
tests](https://github.com/jquery/esprima/tree/master/test/fixtures)
test('preclean',
testWithNoSecBootstrapRequestTriggerConnectBsSuccess_UpdateTwoSectionAndLm2m_ConnectLwm2mSuccess()
testAutoGeneratedCodeByProtobuf(alarmUpdateMsg);
testSaveTenantParamsWithMultipleDomains()
testSetDefaultTenantProfile()
test10actorsAnd100KMessages()
testFindTenantFirmwaresByHasData()
test('MakeDay',
testRpcCall()
testExportImportDashboard_betweenTenants_withEntityAliases()
testRateLimitWithGreedyRefill(3,
testUpdateCustomerFromDifferentTenant()
testAutoGeneratedCodeByProtobuf(uplinkMsg2);
testFindEntityDataByQuery_operationEqual_emptySearchQuery()
testSaveFirmwareWithInvalidDeviceProfileId()
testSaveProtoDeviceProfileWithInvalidRpcRequestSchemaFieldsCount()
testWithPskConnectBsSuccess_UpdateTwoSectionsBootstrapAndLm2m_ConnectLwm2mSuccess()
testLogEntityActionOk(entity,
test('undefs',
test('reuse
testExportImportBetweenTenants(asset,
test('emitting
test_Escaping(self):
test("Object",
test(function
testNotifyEntityEqualsOneTimeServiceNeverError(deviceProfile,
testRepository(TenantId
testEntityDaoWithRelationsTransactionalException(entityViewDao,
testSaveDeviceProfileWithInvalidRpcRequestProtoSchema(String
testPollOnce(2);
testSendDeleteDeviceOnEdgeToCloud()
testSaveProtoDeviceProfileWithInvalidRpcRequestSchemaParamsLabel()
test("console
testBufs('Yci0Ysi1Y8i2',
testAttributesUpdatedMsg(device);
testFindTenantProfiles()
testAssignAssetToEdge()
testPushMsgToRuleEngineTime(EntityId
test(hash.sha512,
test("sync
testReadAllObjectsInClientById_Result_CONTENT_Value_IsLwM2mObject_IsInstances()
testServerCoapTwoWayRpcDeviceOffline()
testWithX509TrustConnectLwm2mSuccessAndObserveTelemetry()
testServerMqttTwoWayRpcDeviceOffline()
testRateLimitWithGreedyRefill(int
testServerMqttTwoWayRpcDeviceDoesNotExist()
tests.forEach(function
testExportImportAssetWithProfile_betweenTenants()
test("URI
tests](https://github.com/auth0/angular-jwt/blob/master/test/unit/angularJwt/services/interceptorSpec.js)
testComparator.intersects(otherComparator,
testParseAsDoubleWithCommaDecimalSeparatorAndTypeCast()
testActorsAndMessages(1,
testNotifyManyEntityManyTimeMsgToEdgeServiceEntityEqAny(loadedAssetProfiles.get(0),
testNotifyEntityEqualsOneTimeError(dashboard,
test('booleans
testInheritTenantAttributeForRepeating()
testNotifyManyEntityManyTimeMsgToEdgeServiceNever(HasName
testMainErrorReturnsMostFrequentError()
tests.forEach(function(test)
test('multiAlias',
test.test(chunk.name))
testObserveNoImplementedResourceOnDeviceValueNull_Result_BadRequest()
testServerMqttOneWayRpcDeviceDoesNotExist()
testNotifyEntityOne(alarm,
testProp(props)
test('anon
testTelemetryIsDelivered(device,
testExportImportSingleDashboard_sameTenant()
testClaimingDevice()
testFindCustomersByTenantIdAndTitle()
testRequestAttributesValuesFromTheServer()
test('large
testLogEntityActionAdditionalInfo(matcherEntityClassEquals,
testReadSingleResourceById_Result_CONTENT_Value_IsLwM2mSingleResource()
test.module.toLowerCase()
testProtoSubscribeToAttributesUpdatesFromTheServerOnShortProtoTopic()
test=''></p>",a.querySelectorAll("[test^='']").length&&f.push("[*^$]="+S+"*(?:\"\"|'')"),a.innerHTML="<input
testBracketBracket();
testDomComment(document)
testSyncronous(options,
testSaveDeviceProfileWithInvalidRpcRequestProtoSchema("syntax
testAcknowledgeAlarmViaAnotherCustomer()
testSimpleReplacement()
testFindSystemAndTenantTbResources()
testVerifyAndSaveTotpTwoFaAccountConfig();
testFindRelationsInfoByFromQuery()
testProp(\r\n\t['transform',
testNotifyEntityOneTimeMsgToEdgeServiceNever(savedRuleChain,
testBinary(options)
testPushTelemetryWithMalformedPayloadAndSendPubAckOnErrorDisabled()
test('bound
testOrderPreserved();
testPushMsgToRuleEngineNever(originatorId);
testFindEdgeRuleChainsByTenantIdAndName()
test('get
test('quoteStyle
testRepeatedInstall()
test_EasyXml_complex(self):
testNotifyEntityAllOneTime(savedAsset,
testDeleteEdgeExceptionWithRelationsTransactional()
testPort():
test('EACCES
testNotifyEntityAllOneTimeLogEntityActionEntityEqClass(HasName
testNotifyEntityMsgToEdgePushMsgToCoreOneTime(HasName
test('encode',
testRuleChainMetadataRequestMsg(RuleChainId
testServerCoapTwoWayRpc()
test(name
testNotifyEntityAllOneTimeRelation(foundRelation,
testSimpleFindEntityDataByQuery()
testTokensOutdatageTimeRemovalFromCache()
test("successful
testNotifyManyEntityManyTimeMsgToEdgeServiceNeverAdditionalInfoAny(new
testAlarmCreate()
testFilePath(parsed.outfile);
tester(t,
testMap.forEach(function(args)
testParseAsDouble()
testPushMsgToRuleEngineNever(entity_originator_NULL_UUID);
testIt(priv,
test('without
testTelemetry()
testDynamicSchemaSyntaxValidation()
test(cb)
testPushMsgToRuleEngineNever(relation.getTo());
testUpdateDeviceProfileIdWithReferenceByDevice()
test("resolveUrl",
testDynamicSchemaCreationWithMessageOneOfs()
testInactiveAlarmScheduleFromDynamicValuesWhenDefaultScheduleIsActive()
test('setting
testWithNoSecConnectLwm2mSuccessBootstrapRequestTriggerConnectBsSuccess_UpdateBootstrapSectionAndLm2m_ConnectLwm2mSuccess()
testHierarchicalFindDevicesWithAttributesByQuery()
testPushAttributesOnShortJsonTopic()
test('subscribes
test('value
testReadCompositeSingleResourceByIds_Result_CONTENT_Value_IsObjectIsLwM2mSingleResourceIsLwM2mMultipleResource()
testExecuteSecurityObjectById_Result_NOT_FOUND()
test('-123',
testPushTelemetryOnShortTopic()
test('ToString',
testSendAlarmToCloud()
testValues()
testUpdateDeviceFromDifferentTenant()
testBuildStringPredicateQueryOperationsForEntityType()
testFindLatestWithoutLatestUpdate()
testUpdateWidgetTypeFromDifferentTenant()
testSyncEdge()
test('inspect
test('WeakSet',
test('#52
testSmsRequest.getNumberTo(),
testParseAsLong()
test(regex)
testFindEntityDataByQuery()
test(file,
testProtoSubscribeToAttributesUpdatesFromTheServerOnShortJsonTopic()
testTimeseriesWithFailures();
test('with
testSheet(sheet);
test("object
testCountHierarchicalEntitiesByEdgeSearchQuery()
testDiscoverObject_Return_CONTENT_LinksInstancesAndResourcesOnLyExpectedObject()
testReadCompositeSingleResourceByIds_Result_CONTENT_Value_IsObjectInstanceIsLwM2mSingleResource()
testBroadcastEntityStateChangeEventTimeManyTimeTenant(Tenant
testWriteCompositeValueSingleMultipleResourceByIdKey_Result_BAD_REQUEST_WriteComposite_operation_for_SingleResources_or_and_ResourceInstance()
testTokens.some(token
test('Symbol.toStringTag',
testFindUsageRecordByTenantId()
testReplaceSingleQuote()
test('packageFilter',
test('normalize',
test.teardown();
testCreateObjectInstanceSingleByIdKey_Result_CHANGED()
testMapping(stringRegExp("after"));
testDocs(cb)
testAutoGeneratedCodeByProtobuf(entityDataBuilder2);
testFindMissingToRelatedRuleChains()
testEntityDaoWithRelationsTransactionalException(deviceDao,
test('.alloc(size)
testSmsRequest.getMessage());
testParseBigDecimalAsStringOutOfLongRange2()
test.err.toString();
testExportImportBetweenTenants(entity,
test-undefined();
test-condition();
testCtx.getInvocationCount().addAndGet(count);
testRateLimits_greedyRefill()
testBroadcastEntityStateChangeEventNever(loadedNamesOfView1.get(0).getId());
test(page,
testBroadcastEntityStateChangeEventTime(entityId,
testConvertValue()
testFindTenantProfileInfoById()
testUrl.charAt(baseUrl.length
testPushTelemetryWithTsAndNoPresenceFields()
test(true);
testExecutor.shutdownNow();
testCmd('./bin.js',
testMapping(functionRegExp("ctrl"
testScript(
testNotifyEntityIsNullOneTimeEdgeServiceNeverError(HasName
testPollOnce(0);
testSimpleFunctions()
test("Alpha
testPartitionSave()
testDeleteEntityViewWithDeleteRelationsOk()
test([paths.tests]);
testFindDeviceInfoByTenantIdAndDeviceProfileId()
test('short',
testNotifyEntityBroadcastEntityStateChangeEventManyMsgToEdgeServiceNever(HasName
testWithRpkValidationPublicKeyBase64format_BAD_REQUEST()
testAgainstString(input,
testDeleteQueue()
testIt(nonrsa1024str,
test('Acceptance
test(annotated,
testIt(rsa1024,
testSaveOtaPackageCantViolateSizeOfTitle()
testAutoGeneratedCodeByProtobuf(deviceProfileUpdateMsg);
testCreateAlarmWithDynamicSeverityFromMetadata()
testDynamicSchemaCreationWithMessageNestedTypes()
testDropEffect(expected,
test("errback
testCleanCacheIfDeviceRenamed()
test('assign()',
tests.push(()
testConstructRuleChainMetadataUpdatedMsg_V_3_3_0()
tests.shift();
testLib('create-hmac/browser',
testExportImportCustomer_betweenTenants()
testCurrentDeviceAttributeForDynamicRepeatingValue()
testTelemetryIsDelivered(accessTokenDevice,
test('decode',
test('obj
testWithNoSecConnectLwm2mSuccessBootstrapRequestTriggerConnectBsSuccess_UpdateLwm2mSectionAndLm2m_ConnectLwm2mSuccess()
testConstantKeyFilterInherited()
test('post
test.fullTitle());
testDynamicSchemaOneOfsTypeGroupsElementsValidation()
testSaveProtoDeviceProfileWithInvalidRpcRequestSchemaRequestIdDateType()
test('align',
tests.filter(function(test)
test('accessors',
testDeleteTenantProfile()
test('DayWithinYear',
test('strict',
testHelpers.setStoredLevel("debug");
testCountByTenantId()
testPollOnce(1);
testNotificationMsgToEdgeServiceTime(entityId,
testDeleteTenantProfileWithExistingTenant()
testCheckVerificationCode_userBlocked()
test('ToNumber',
testNotificationMsgToEdgeServiceNeverWithActionType(EntityId
testAutoGeneratedCodeByProtobuf(deviceCredentialsRequestMsgBuilder);
testJsonSubscribeToAttributesUpdatesFromTheServer()
testPushTelemetryGatewayWithMalformedPayloadAndSendPubAckOnErrorDisabled()
testAutoGeneratedCodeByProtobuf(deviceCredentialsUpdateMsgBuilder);
testFindRuleChainById()
test('bonjour.find',
testSaveSameDeviceWithDifferentDeviceProfileId()
test("Escape
testDiscoverObjectInstanceAbsentInObject_Return_NOT_FOUND()
testEl.css({position:
test('safer.Buffer.from
testDeleteFirmwareWithReferenceByDevice()
test(pattern);
testCheckVerificationCode_rateLimit()
test('mock
testPackageFilter(preserveSymlinks)
test('SameValue',
test('Dates',
test('adding
tests(ourAssert,
test('precedence',
testSaveRuleChain()
testTelemetryIsDelivered(clientIdDevice,
test("a/b\\c",
test_two_cycles(self):
testLogEntityActionNever(EntityId
testDeviceProfiles_lwm2m()
test('Generators',
testWithX509NoTrustConnectBsSuccess_UpdateTwoSectionsBootstrapAndLm2m_ConnectLwm2mSuccess()
test('diffie-hellman
testNotifyManyEntityManyTimeMsgToEdgeServiceEntityEqAny(savedWidgetsBundle,
testFindAlarmsViaPublicCustomer()
testAutoGeneratedCodeByProtobuf(uplinkMsgBuilder);
testExecuteRegistrationUpdateTriggerById_Result_CHANGED()
testAssets()
testReadMultipleResourceById_Result_CONTENT_Value_IsLwM2mMultipleResource()
testNotifyEntityOne(HasName
test('Object.create',
test('countPass',
testDeprecation('deprecated
test("isLight
testFindTenantInfoById()
testProvisioningWithBadKeyDevice()
testTasks.push("sauce-after-setup");
testPushTelemetryWithMalformedPayloadAndSendAckOnErrorDisabledAndBackwardCompatibilityEnabled()
test('nodeArgs',
testExp4j()
testAutoGeneratedCodeByProtobuf(relationUpdateMsgBuilder);
testCustomerAndNewUser();
testUpdateTbResourceFromDifferentTenant()
testSaveOtaPackageUrlCantBeUpdated()
testAddDeleteTenantDomainParams()
testParseBigDecimalAsStringOutOfLongRange3()
test(globstar)
test-global();
test_lines(input)
testMap(t,
testDeleteTwoFaAccountConfig()
test('Make
test('./
test.invalid.forEach(invalid
test('#79
test("owner
testBinary(parseArgs(process.argv.slice(2)));
testSaveProtoDeviceProfileMessageTypeExtensionsNotSupported()
testEmptySourcemap(name,
testPackageFilter(false));
test('usageFail',
test("isDark
testSaveProtoDeviceProfileWithInvalidRpcRequestSchemaFieldRequestIdIsNotSet()
testHelpers.isLocalStorageAvailable(),
testArray(t,
testFindEntityDataByQuery_operationContains_emptySearchQuery()
test('kill',
test_EasyXml_simple_with_attributes(self):
test('dotSlashArgs',
testFindOrCreateAssetProfile()
testDeleteAssetWithDeleteRelationsOk()
test('hash
testRateLimitWithIntervalRefill(10,
test[_dereq_(117)('toStringTag')]
testProvisioningCreateNewDeviceWithCert()
testAttributesDeleteMsg(Device
testJsonSubscribeToAttributesUpdatesFromTheServerOnShortJsonTopic()
testTimeoutsAreIncremental()
testDeleteTemplate()
testCustomerAndNewUser()
testSaveTwoFaAccountConfig_providerNotConfigured()
